Vechicle Name,Model,Buy_Year,Location,Price,Engine_CC,No_of_owners,KM runs
['Royal '],Royal Enfield Thunderbird 350,2019,"Chennai, Tamil Nadu","['1,20,000']",340,Single,"32,000"
['Royal '],Royal Enfield Thunderbird TwinSpark 350,2009,"Banashankari, Bangalore, Karnataka","['80,000']",340,Single,"34,700"
['Bajaj '],Bajaj Pulsar NS 125,2025,"Faridabad, Haryana",,125 cc,Single,"2,100"
['Hero '],Hero Electric Photon,2022,"Pharenda, Maharajganj, Uttar Pradesh","['80,000']",105 cc,Single,"23,000"
['Ola '],Ola S1 Pro,2022,"Thumkunta, Medchal-Malkajgiri, Telangana","['80,000']",Not Applicable,Single,"24,000"
['Honda '],Honda XBlade BS6,2020,"Ameerpet, Hyderabad, Telangana","['79,000']",110 cc,Single,"24,000"
['Bajaj '],Bajaj Discover 150 S,2012,"Marathahalli, Bangalore, Karnataka","['20,000']",150 cc,Single,"50,000"
['Aprilia '],Aprilia SR 160 Carbon ABS,2020,Telangana,"['40,000']",160 cc,Single,"61,500"
['Suzuki '],Suzuki Access 125,2023,"Bangalore, Karnataka","['90,000']",110 cc,Single,"10,935"
['Hero '],Hero Duet 110,2016,"Bangalore, Karnataka","['43,500']",105 cc,Single,"12,000"
['Hero '],Hero Xpulse 200 4V,2022,"Hyderabad, Telangana","['1,20,000']",105 cc,Single,"13,787"
['Aprilia '],Aprilia SXR 160,2020,"Andheri East, Mumbai, Maharashtra","['45,000']",160 cc,Single,"35,000"
['Bajaj '],Bajaj Pulsar N160 Dual Channel ABS,2024,"Bhilwara, Rajasthan","['1,00,000']",160 cc,Single,"13,450"
['Suzuki '],Suzuki Gixxer SF BS6,2025,"Bhilwara, Rajasthan",,110 cc,Single,"3,600"
['Hero '],Hero Glamour Xtec,2022,"North 24 Parganas, West Bengal","['60,000']",105 cc,Single,"25,600"
['Harley '],Harley Davidson Fat Bob,2018,"Gurgaon, Haryana","['12,00,000']",440 cc,Single,"14,000"
['Royal '],Royal Enfield Bullet Machismo A350,2004,"Bangalore, Karnataka","['90,000']",340,No of,"70,000"
['Ather '],Ather 450X,2022,"Bangalore, Karnataka","['1,10,000']",450 cc,Single,"25,453"
['Keeway '],Keeway SR 125,2024,"Kalyan, Thane, Maharashtra","['95,000']",125 cc,Single,"9,000"
['Yamaha '],Yamaha FZ-S,2019,"Wakad, Pune, Maharashtra","['70,000']",200 cc,Single,"30,000"
['Bajaj '],Bajaj Pulsar 150 BS6,2022,"Hyderabad, Telangana","['85,000']",150 cc,Single,"22,000"
['Royal '],Royal Enfield Bullet Standard 500,2015,"Vadodara, Gujarat","['1,00,000']",340,Single,"24,170"
['Revolt '],Revolt RV 400,2020,"New Delhi, Delhi","['70,000']",400 cc,No of,"49,000"
['Royal '],Royal Enfield Interceptor 650 Twin,2021,"Ahmedabad, Gujarat","['2,50,000']",340,Single,"7,500"
['Suzuki '],Suzuki Lets 110,2018,"Gurgaon, Haryana",,110 cc,Single,"49,000"
['Honda '],Honda CB Shine,2018,"Bharuch, Gujarat","['40,000']",110 cc,Single,"42,000"
['Hero '],Hero XPulse 200T BS6,2021,"Kolkata, West Bengal","['62,000']",105 cc,Single,"34,000"
['Honda '],Honda Shine 125 Drum,2011,"Bangalore, Karnataka","['45,000']",110 cc,Single,"30,787"
['Triumph '],Triumph Scrambler 400 X,2024,"Pune, Maharashtra","['2,60,000']",400 cc,Single,"4,124"
['Honda '],Honda Activa 4G,2018,"Vadodara, Gujarat","['40,000']",110 cc,Single,"63,000"
['Bajaj '],Bajaj Pulsar NS200,2017,"Ameerpet, Hyderabad, Telangana","['70,000']",200 cc,Single,"51,000"
['Bicycle '],Bicycle  LIBERTY SWIFT,2025,"Noida, Uttar Pradesh",,Not Applicable,Single,5
['Bajaj '],Bajaj Pulsar 150 Neon BS6,2021,"Hyderabad, Telangana","['65,000']",150 cc,Single,"19,500"
['Honda '],Honda CB Trigger,2013,"Pimpri-Chinchwad, Pune, Maharashtra","['50,000']",110 cc,Single,"66,434"
['Ola '],Ola S1 Pro,2024,"Rajajinagar, Bangalore, Karnataka","['1,25,000']",Not Applicable,Single,"1,000"
['TVS '],TVS Apache RR 310,2020,"Thane, Maharashtra","['1,29,999']",100 cc,No of,"11,800"
['Yamaha '],Yamaha MT-15 Ver 2.0,2022,"Gurgaon, Haryana","['1,10,000']",200 cc,Single,"18,500"
['Harley '],Harley Davidson Iron 883,2016,"Bangalore, Karnataka","['5,67,000']",440 cc,Single,"6,300"
['BMW '],BMW G 310 R,2023,"Patna, Bihar","['2,25,000']",310 cc,Single,"7,500"
['Honda '],Honda Activa 3G,2016,"Tirumalagiri, Hyderabad, Telangana","['35,000']",110 cc,Single,"80,200"
['Ola '],Ola S1 Pro,2022,"Electronic City, Bangalore, Karnataka","['79,999']",Not Applicable,Single,"11,371"
['Royal '],Royal Enfield Classic Stealth Black,2024,"Tumkur, Karnataka","['2,65,000']",340,Single,"4,000"
['Bajaj '],Bajaj Avenger 220 DTS-i,2018,"Hyderabad, Telangana","['1,00,000']",220 cc,Single,"25,000"
['Royal '],Royal Enfield Classic 500,2017,"Guwahati, Assam","['95,000']",340,Single,"13,000"
['Bajaj '],Bajaj Avenger Cruise 220,2019,"Pune, Maharashtra","['81,000']",220 cc,Single,"15,000"
['Hero '],Hero Xtreme 125R,2024,"Vijayawada, Andhra Pradesh","['80,000']",105 cc,Single,"16,988"
['Royal '],Royal Enfield Thunderbird 350,2015,"Bangalore, Karnataka","['80,000']",340,Single,"25,750"
['Honda '],Honda Activa 5G,2018,"Bharuch, Gujarat","['43,000']",110 cc,No of,"43,000"
['Honda '],Honda Dio Standard,2014,"Bangalore, Karnataka","['25,000']",110 cc,Single,"57,000"
['TVS '],TVS Scooty Zest,2015,"Vadodara, Gujarat","['30,000']",100 cc,Single,"30,000"
['Royal '],Royal Enfield Classic 500,2014,"Amberpet, Hyderabad, Telangana","['1,10,000']",340,Single,"49,333"
['Bajaj '],Bajaj Avenger Cruise 220,2015,"Kandivali, Mumbai, Maharashtra","['25,000']",220 cc,Single,"50,000"
['TVS '],TVS Apache RTR 180 BS6,2021,"Bahraich, Uttar Pradesh","['80,000']",100 cc,Single,"65,000"
['Yamaha '],Yamaha R15 V4,2022,"Golconda, Hyderabad, Telangana","['1,25,000']",200 cc,Single,"34,000"
['Yamaha '],Yamaha FZ-S,2017,"Bhubaneshwar, Orissa","['45,000']",200 cc,Single,"45,000"
['Bajaj '],Bajaj Avenger Street 160 BS6,2022,"Solapur, Maharashtra","['75,000']",160 cc,Single,"37,000"
['Bajaj '],Bajaj Pulsar RS 200 ABS,2017,"Sarjapur Road, Bangalore, Karnataka","['95,000']",200 cc,Single,"26,000"
['Revolt '],Revolt RV 400,2022,"Perambur, Chennai, Tamil Nadu","['90,000']",400 cc,Single,"12,500"
['TVS '],TVS Apache RTR 200 4V ABS,2020,"Sholinganallur, Chennai, Tamil Nadu","['80,000']",100 cc,Single,"18,000"
['Honda '],Honda Activa 4G,2018,"Shaikpet, Hyderabad, Telangana","['35,000']",110 cc,Single,"55,000"
['Benelli '],Benelli Imperiale 400 BS6,2022,"Mumbai, Maharashtra","['2,00,000']",4000 cc,Single,"16,000"
['Royal '],Royal Enfield Bullet Electra 5S,2008,"Kozhikode, Kerala","['65,000']",340,Single,"35,000"
['Hero '],Hero Super Splendor BS6,2020,"Kalyan, Thane, Maharashtra","['55,000']",105 cc,Single,"18,700"
['Jawa '],Jawa 42 Dual Channel ABS Cosmic Carbon,2023,"Pune, Maharashtra","['2,00,000']",300 cc,Single,"12,300"
['KTM '],KTM Duke 200 ABS,2023,"Bangalore, Karnataka","['1,75,000']",200 cc,Single,"14,300"
['Hero '],Hero Xtreme,2012,"Kalyan, Thane, Maharashtra","['20,000']",105 cc,Single,"1,00,000 "
['Harley '],Harley Davidson Fat Bob,2018,"Gurgaon, Haryana","['12,00,000']",440 cc,Single,"14,000"
['Royal '],Royal Enfield Hunter 350 Metro,2023,"Pune, Maharashtra","['1,65,000']",340,Single,"11,500"
['Royal '],Royal Enfield Bullet,2025,"Kolkata, West Bengal",,340,Single,"1,185"
['TVS '],TVS Apache RTR 180,2018,"Ghaziabad, Uttar Pradesh","['50,000']",100 cc,Single,"13,000"
['Bajaj '],Bajaj Pulsar NS 200 2024,2024,"Narasaraopet, Palnadu, Andhra Pradesh","['1,45,000']",200 cc,Single,"10,800"
['Royal '],Royal Enfield Bullet Machismo A350,2004,"Bangalore, Karnataka","['90,000']",340,No of,"70,000"
['Ather '],Ather 450X,2022,"Bangalore, Karnataka","['1,10,000']",450 cc,Single,"25,453"
['Keeway '],Keeway SR 125,2024,"Kalyan, Thane, Maharashtra","['95,000']",125 cc,Single,"9,000"
['Yamaha '],Yamaha FZ-S,2019,"Wakad, Pune, Maharashtra","['70,000']",200 cc,Single,"30,000"
['Yezdi '],Yezdi Roadster Chrome,2022,"Madurai, Tamil Nadu","['1,55,000']",340,Single,"16,400"
['Yezdi '],Yezdi Roadster Dark,2024,"Hyderabad, Telangana","['1,68,000']",340,Single,"7,600"
['Bajaj '],Bajaj Pulsar 150 BS6,2022,"Hyderabad, Telangana","['85,000']",150 cc,Single,"22,000"
['Bajaj '],Bajaj Pulsar 125,2020,"Motihari, EastChamparan, Bihar","['45,000']",125 cc,Single,"70,000"
['Royal '],Royal Enfield Bullet Standard 500,2015,"Vadodara, Gujarat","['1,00,000']",340,Single,"24,170"
['Revolt '],Revolt RV 400,2020,"New Delhi, Delhi","['70,000']",400 cc,No of,"49,000"
['Jawa '],Jawa 42 Bobber Dual Channel ABS,2022,"Chennai, Tamil Nadu","['1,20,000']",300 cc,Single,"18,000"
['Royal '],Royal Enfield Interceptor 650 Twin,2021,"Ahmedabad, Gujarat","['2,50,000']",340,Single,"7,500"
['Suzuki '],Suzuki Lets 110,2018,"Gurgaon, Haryana",,110 cc,Single,"49,000"
['Honda '],Honda CB Shine,2018,"Bharuch, Gujarat","['40,000']",110 cc,Single,"42,000"
['Hero '],Hero Maestro,2015,"Ambala, Haryana","['28,500']",105 cc,Single,"70,000"
['Bajaj '],Bajaj Platina 100 ES,2020,"Shrirampur, Ahilyanagar, Maharashtra","['55,000']",100 cc,Single,"44,000"
['Yamaha '],Yamaha R15M,2021,"Rajajinagar, Bangalore, Karnataka","['1,60,000']",200 cc,Single,"25,000"
['KTM '],KTM Duke 200,2016,"Vikhroli, Mumbai, Maharashtra","['1,00,000']",200 cc,Single,"24,426"
['Hero '],Hero Destini 125 VX,2021,"Giridih, Jharkhand","['50,000']",105 cc,Single,"38,000"
['Honda '],Honda CB300F Flex-Fuel,2025,"Mumbai, Maharashtra",,110 cc,Single,600
['TVS '],TVS Apache RTR 200 4V 2020,2019,"Panvel, Raigad, Maharashtra","['70,000']",100 cc,Single,"70,000"
['Bajaj '],Bajaj CT 100,2016,"Sanganer, Jaipur, Rajasthan",,100 cc,Single,"27,962"
['Hero '],Hero Pleasure,2011,"Lucknow, Uttar Pradesh","['25,000']",105 cc,Single,"55,955"
['Hero '],Hero Electric Photon LP,2021,"Keeranur, Pudukkottai, Tamil Nadu","['30,000']",105 cc,Single,"24,900"
['Hero '],Hero Passion,,"Kanpur Nagar, Uttar Pradesh",,105 cc,Single,"82,357"
['Vida '],Vida V1 Plus,2024,"Ahmednagar, Maharashtra","['1,05,000']",,Single,"6,600"
['BMW '],BMW F 900 GS Adventure,2025,"Pune, Maharashtra",,895 cc,Single,"3,600"
['Hero '],Hero HF 100,2021,"New Delhi, Delhi","['41,000']",105 cc,Single,"15,000"
['Hero '],Hero Glamour 125 Drum,2017,"Dwarka, South West Delhi, Delhi","['35,000']",105 cc,Single,"20,300"
['Triumph '],Triumph Speed 400,2023,"Ameerpet, Hyderabad, Telangana","['2,25,000']",400 cc,Single,"33,000"
['Royal '],Royal Enfield Classic 350 Single Channel BS6,2020,"South Delhi, Delhi","['1,40,000']",340,Single,"13,500"
['KTM '],KTM Duke 200 2022,2022,"Aruppukkottai, Virudhunagar, Tamil Nadu","['1,70,000']",200 cc,Single,"18,750"
['Yamaha '],Yamaha FZ-X,2023,"Ambattur, Chennai, Tamil Nadu","['90,000']",200 cc,Single,"37,000"
['TVS '],TVS Raider 125,2023,"Aurangabad, Maharashtra","['80,000']",100 cc,Single,"33,500"
['Vespa '],Vespa VXL 125 BS6,2023,"Hyderabad, Telangana",,125 cc,Single,"21,637"
['Hero '],Hero XPulse 200T BS6,2021,"Kolkata, West Bengal","['62,000']",105 cc,Single,"34,000"
['Suzuki '],Suzuki Gixxer 150,2015,"Bellandur, Bangalore, Karnataka","['35,000']",110 cc,Single,"36,800"
['Honda '],Honda Shine 125 Drum,2011,"Bangalore, Karnataka","['45,000']",110 cc,Single,"30,787"
['Triumph '],Triumph Scrambler 400 X,2024,"Pune, Maharashtra","['2,60,000']",400 cc,Single,"4,124"
['Honda '],Honda Activa 4G,2018,"Vadodara, Gujarat","['40,000']",110 cc,Single,"63,000"
['Bajaj '],Bajaj Pulsar NS200,2017,"Ameerpet, Hyderabad, Telangana","['70,000']",200 cc,Single,"51,000"
['Yamaha '],Yamaha Fascino 125 Fi Hybrid,2024,"Jaipur, Rajasthan","['80,000']",200 cc,Single,"11,000"
['Bicycle '],Bicycle  LIBERTY SWIFT,2025,"Noida, Uttar Pradesh",,Not Applicable,Single,5
['Bajaj '],Bajaj Pulsar 150 Neon BS6,2021,"Hyderabad, Telangana","['65,000']",150 cc,Single,"19,500"
['Honda '],Honda CB Trigger,2013,"Pimpri-Chinchwad, Pune, Maharashtra","['50,000']",110 cc,Single,"66,434"
['Ola '],Ola S1 Pro,2024,"Rajajinagar, Bangalore, Karnataka","['1,25,000']",Not Applicable,Single,"1,000"
['Royal '],Royal Enfield Classic 350,2017,"Ambattur, Chennai, Tamil Nadu","['1,45,000']",340,Single,"29,000"
['TVS '],TVS Apache RR 310,2020,"Thane, Maharashtra","['1,29,999']",100 cc,No of,"11,800"
['Yamaha '],Yamaha MT-15 Ver 2.0,2022,"Gurgaon, Haryana","['1,10,000']",200 cc,Single,"18,500"
['Bajaj '],Bajaj Pulsar 150 Twin Disc,2018,"Nashik, Maharashtra","['48,000']",150 cc,Single,"63,000"
['Yezdi '],Yezdi Adventure Gloss,2022,"Anand, Gujarat","['1,49,000']",340,No of,"14,000"
['Harley '],Harley Davidson Iron 883,2016,"Bangalore, Karnataka","['5,67,000']",440 cc,Single,"6,300"
['BMW '],BMW G 310 R,2023,"Patna, Bihar","['2,25,000']",310 cc,Single,"7,500"
['Bajaj '],Bajaj Pulsar 150,2016,"Narot Jaimal Singh, Pathankot, Punjab","['35,000']",150 cc,Single,"1,00,000 "
['Ola '],Ola S1 Pro Gen 3 4kWh,2025,"Rahata, Ahilyanagar, Maharashtra",,Not Applicable,Single,"3,400"
['Bajaj '],Bajaj Pulsar 220F BS6,2020,"Dehradun, Utarakhand","['1,00,000']",220 cc,Single,"27,000"
['Bajaj '],Bajaj V15,2017,"Gandhinagar, Gujarat","['35,000']",155 cc,Single,"60,000"
['Ola '],Ola S1,2022,"Pimpri-Chinchwad, Maharashtra","['95,000']",Not Applicable,Single,"9,893"
['Hero '],Hero Splendor Plus Xtec,2022,"Mayur Vihar, East Delhi, Delhi","['65,000']",105 cc,Single,"39,450"
['Royal '],Royal Enfield Meteor 350 Stellar,2023,"Gandhi Nagar, East Delhi, Delhi","['2,10,000']",340,Single,"15,000"
['TVS '],TVS Apache RTR 160 4V,2018,"Salem, Tamil Nadu","['61,000']",100 cc,Single,"32,400"
['Honda '],Honda SP 125 BSVI,2022,"Bokaro, Jharkhand","['70,000']",110 cc,Single,"30,000"
['Aprilia '],Aprilia SXR 125,2022,"Malad, Mumbai, Maharashtra","['80,000']",125 cc,Single,"15,500"
['KTM '],KTM 390 Adventure 2022,2022,"New Delhi, Delhi","['2,90,000']",390 cc,Single,"13,390"
['Jawa '],Jawa forty two,2020,"Hyderabad, Telangana","['1,25,000']",300 cc,Single,"8,500"
['TVS '],TVS Sport,2022,"Chhainsa, Faridabad, Haryana","['45,000']",100 cc,Single,"16,967"
['Yamaha '],Yamaha R15M WGP 60th Anniversary Edition,2022,"Secunderabad, Hyderabad, Telangana","['1,53,000']",200 cc,Single,"34,000"
['Bajaj '],Bajaj Platina 110 H-Gear BS6,2021,"Pimpri-Chinchwad, Maharashtra","['55,000']",110 cc,Single,"34,449"
['Royal '],Royal Enfield Himalayan 452,2022,"Trivandrum, Kerala","['2,20,000']",340,No of,"33,500"
['Suzuki '],Suzuki Gixxer SF SP,2018,"Andheri West, Mumbai, Maharashtra","['55,000']",110 cc,Single,"30,000"
['TVS '],TVS Jupiter BS6,2021,"Kurnool, Andhra Pradesh","['75,000']",100 cc,Single,"68,500"
['Evtric '],Evtric Ride,2023,"Bangalore, Karnataka",,,Single,"1,044"
['Suzuki '],Suzuki Intruder 150 BS6,2022,"Bangalore, Karnataka","['1,10,000']",110 cc,Single,"26,000"
['Royal '],Royal Enfield Bullet Electra,2021,"Udupi, Karnataka","['1,45,000']",340,Single,"42,500"
['Ola '],Ola S1 Pro Gen2,2024,"Barakar, Paschim Bardhaman, West Bengal","['1,00,000']",Not Applicable,Single,"42,000"
['Honda '],Honda Activa 3G,2016,"Tirumalagiri, Hyderabad, Telangana","['35,000']",110 cc,Single,"80,200"
['TVS '],TVS Ronin TD,2023,"Hosur, Tamil Nadu","['1,70,000']",100 cc,Single,"12,000"
['Royal '],Royal Enfield Classic 350,2018,"KR Puram, Bangalore, Karnataka","['1,70,000']",340,Single,"21,000"
['Hero '],Hero Xtreme 125R,2025,"New Delhi, Delhi",,105 cc,Single,950
['Suzuki '],Suzuki Gixxer SF BS6,2024,"Auraiya, Uttar Pradesh","['1,45,000']",110 cc,Single,"6,000"
['Suzuki '],Suzuki V-Strom SX,2022,"Ahmedabad, Gujarat","['1,30,000']",110 cc,Single,"23,000"
['Hero '],Hero Xtreme 125R,2024,"Faridabad, Haryana","['88,000']",105 cc,Single,"1,100"
['Suzuki '],Suzuki Gixxer SF,2017,"Pune, Maharashtra","['35,000']",110 cc,Single,"40,000"
['KTM '],KTM Duke 390,2014,"Lucknow, Uttar Pradesh","['1,50,000']",390 cc,Single,"20,000"
['BMW '],BMW G 310 GS,2023,"Hyderabad, Telangana","['3,20,000']",313 cc,Single,"23,000"
['Hero '],Hero Electric Optima CX Dual Battery,2022,"Navi Mumbai, Maharashtra","['35,000']",105 cc,Single,"15,000"
['KTM '],KTM Duke 200,2016,"Kalyan, Thane, Maharashtra","['65,000']",200 cc,Single,"46,500"
['Honda '],Honda Activa 5G,2018,"Kottucherry, Karaikal, Pondicherry","['45,000']",110 cc,Single,"3,60,000 "
['Suzuki '],Suzuki Gixxer SF BS6,2024,"Kadapa, Andhra Pradesh","['1,00,000']",110 cc,Single,"41,500"
['Hero '],Hero Pleasure Plus BS6,2022,"Hadapsar, Pune, Maharashtra","['60,000']",105 cc,Single,"7,800"
['TVS '],TVS Scooty Pep Plus,2011,"Vile Parle, Mumbai, Maharashtra",,100 cc,Single,"67,635"
['Royal '],Royal Enfield Hunter 350 2025,2023,"Shaikpet, Hyderabad, Telangana","['1,70,000']",340,Single,"6,000"
['Harley '],Harley Davidson X440 S,2025,"Chennai, Tamil Nadu",,440 cc,Single,"1,600"
['Honda '],Honda Shine 125 Drum,2011,"Hyderabad, Telangana","['35,000']",110 cc,Single,"72,000"
['Royal '],Royal Enfield Thunderbird X 500,2016,"Velachery, Chennai, Tamil Nadu","['99,999']",340,Single,"5,000"
['Hero '],Hero Glamour 125 Disc,2025,"North East Delhi, Delhi",,105 cc,Single,"5,000"
['Yamaha '],Yamaha FZ FI V2,2019,"Kishanganj, Bihar","['45,000']",200 cc,Single,
['Royal '],Royal Enfield Meteor 350 Stellar,2023,"Bankura, West Bengal","['2,00,000']",340,Single,"10,500"
['Hero '],Hero Passion Pro BS6,2019,Bihar,"['50,000']",105 cc,Single,"41,500"
['Bajaj '],Bajaj Pulsar 150 DTSi,2014,"Tigaon, Faridabad, Haryana","['24,000']",150 cc,Single,"55,000"
['Royal '],Royal Enfield Hunter 350 Retro,2024,"Bokaro, Jharkhand","['1,60,000']",340,Single,"12,900"
['Honda '],Honda CB Unicorn,2014,"Vasai-Virar, Palghar, Maharashtra","['60,000']",110 cc,Single,"7,000"
['Jawa '],Jawa forty two,2021,Uttar Pradesh,"['1,60,000']",300 cc,Single,"14,000"
['Honda '],Honda Activa 6G H-smart,2024,"Bagaha, West Champaran, Bihar","['90,000']",110 cc,Single,"2,889"
['TVS '],TVS Jupiter 125,2022,"Nagpur, Maharashtra","['80,000']",100 cc,Single,"17,000"
['Bajaj '],Bajaj Pulsar 150 DTSi,2008,"Pune, Maharashtra","['25,000']",150 cc,Single,"50,000"
['Hero '],Hero XPulse 200T BS6,2021,"North 24 Parganas, West Bengal","['85,000']",105 cc,Single,"32,000"
['Bajaj '],Bajaj Pulsar 180 DTSi,2016,"Faridabad, Haryana","['35,000']",180 cc,Single,"29,000"
['Honda '],Honda CB Unicorn,2013,"Mumbai, Maharashtra","['35,000']",110 cc,Single,"20,025"
['Bajaj '],Bajaj Pulsar 220 DTSi,2013,"Mysore, Karnataka","['45,000']",220 cc,Single,"62,500"
['Royal '],Royal Enfield Bullet Standard 350,2021,"Haridwar, Utarakhand","['1,80,000']",340,Single,"31,000"
['Bajaj '],Bajaj Pulsar 200 NS,2017,"Jaipur, Rajasthan","['1,00,000']",200 cc,Single,"24,000"
['Ola '],Ola S1 Pro,2024,"Narnaul, Mahendragarh, Haryana","['1,10,000']",Not Applicable,Single,"7,800"
['Honda '],Honda Activa 5G,2019,"Zirakpur, Mohali, Punjab","['49,999']",110 cc,Single,"14,000"
['Yamaha '],Yamaha R15 V4,2021,"Andheri, Mumbai, Maharashtra","['1,20,000']",200 cc,Single,"13,000"
['BMW '],BMW G 310 R,2025,"Bangalore, Karnataka",,310 cc,Single,"4,000"
['Honda '],Honda CB350 DLX Pro,2023,"Kalyan, Thane, Maharashtra","['1,80,000']",110 cc,Single,"25,000"
['Hero '],Hero Passion Pro,2013,"Pune, Maharashtra","['32,000']",105 cc,Single,"52,000"
['Yamaha '],Yamaha FZ-X,2023,"Hyderabad, Telangana","['1,10,000']",200 cc,Single,"8,000"
['Ola '],Ola S1 Pro Gen2,2025,"Deoband, Saharanpur, Uttar Pradesh",,Not Applicable,Single,"3,980"
['Royal '],Royal Enfield Hunter 350 Metro,2023,"Sarjapur Road, Bangalore, Karnataka","['1,85,000']",340,Single,"3,045"
['Yamaha '],Yamaha FZ-S FI V3 BS6,2020,"Mulund West, Mumbai, Maharashtra","['75,000']",200 cc,Single,"45,000"
['Yamaha '],Yamaha YZF R15 V2,2017,"Dhanpuri, Shahdol, Madhya Pradesh","['55,000']",200 cc,Single,"29,000"
['Bajaj '],Bajaj Pulsar AS 150,2015,"Bhubaneshwar, Orissa","['42,000']",150 cc,Single,"13,000"
['KTM '],KTM Duke 125 2022,2022,"Ameenpur, Sangareddy, Telangana","['1,60,000']",125 cc,Single,"6,000"
['Hero '],Hero CBZ Xtreme,2010,"Kalyan, Thane, Maharashtra","['26,000']",105 cc,Single,"54,000"
['Honda '],Honda Shine 125,2019,"Ghaziabad, Uttar Pradesh","['40,000']",110 cc,Single,"47,800"
['Ola '],Ola S1 Pro Gen2,2024,"Hyderabad, Telangana","['1,35,000']",Not Applicable,Single,"2,000"
['Yamaha '],Yamaha YZF R15 V3 BS6,2022,"Shikohabad, Firozabad, Uttar Pradesh","['1,25,000']",200 cc,Single,"41,775"
['TVS '],TVS iQube Electric,2025,"Hyderabad, Telangana",,100 cc,Single,"3,000"
['TVS '],TVS Apache RTR 160 4V 2025,2025,"Mumbai, Maharashtra",,100 cc,Single,"6,400"
['Yamaha '],Yamaha YZF R15,2022,"Chennai, Tamil Nadu","['1,20,000']",200 cc,Single,"14,464"
['Yamaha '],Yamaha FZS 25,2019,"BTM Layout, Bangalore, Karnataka","['75,000']",200 cc,Single,"13,329"
['Ola '],Ola S1 Pro Gen2,2024,"Kolkata, West Bengal","['1,20,000']",Not Applicable,Single,"9,000"
['Honda '],Honda CB Hornet 160R ABS,2016,"Guindy, Chennai, Tamil Nadu","['35,000']",110 cc,Single,"60,000"
['Royal '],Royal Enfield Classic 350,2018,"Ameerpet, Hyderabad, Telangana","['1,51,000']",340,Single,"24,649"
['Yamaha '],Yamaha Aerox 155,,"Thane, Maharashtra",,200 cc,Single,"17,684"
['Honda '],Honda CB350 DLX Pro,2020,"Korea, Chhattisgarh","['1,50,000']",110 cc,Single,"36,000"
['Bajaj '],Bajaj Pulsar N160 Dual Channel ABS,2022,"Nadia, West Bengal","['1,15,000']",160 cc,Single,"18,000"
['Ola '],Ola S1X 4 kWh,2025,"Jodhpur, Rajasthan",,Not Applicable,Single,"5,800"
['Hero '],Hero Splendor Plus IBS i3s,2017,"Hyderabad, Telangana","['45,000']",105 cc,Single,"16,000"
['Honda '],Honda Dio Standard,2014,"Surat, Gujarat","['30,000']",110 cc,Single,"30,000"
['Hero '],Hero HF Deluxe BS6,2022,"Balramgarh, Faridabad, Haryana","['45,000']",105 cc,Single,"23,000"
['Bajaj '],Bajaj Pulsar 125,2022,"Chennai, Tamil Nadu","['70,000']",125 cc,Single,"20,000"
['Ola '],Ola S1X 4 kWh,,"Kaithal, Haryana",,Not Applicable,Single,"4,000"
['Yamaha '],Yamaha FZ,2014,"Mumbai, Maharashtra","['30,000']",200 cc,Single,
['Yamaha '],Yamaha RXZ,2002,"Irinjalakuda, Thrissur, Kerala","['1,20,000']",200 cc,Single,
['Bajaj '],Bajaj V15,2016,"Gurgaon, Haryana","['28,000']",155 cc,Single,"20,725"
['Jawa '],Jawa 42 Dual Channel ABS AllStar Black,2022,"Visakhapatnam, Andhra Pradesh","['1,20,000']",300 cc,Single,"24,000"
['Yamaha '],Yamaha MT-15,2020,"Varanasi, Uttar Pradesh","['90,000']",200 cc,Single,"31,650"
['Suzuki '],Suzuki Burgman Street,2025,"Charminar, Hyderabad, Telangana",,110 cc,Single,"1,700"
['TVS '],TVS Raider 125,2021,"Bhubaneshwar, Orissa","['60,000']",100 cc,Single,"20,150"
['Royal '],Royal Enfield Classic 350,2014,"Indore, Madhya Pradesh","['1,45,000']",340,Single,"21,000"
['Hero '],Hero Electric Optima HX Dual Battery,2022,"Kolkata, West Bengal","['20,000']",105 cc,Single,"30,000"
['Bajaj '],Bajaj Pulsar 200 NS,2013,"Gurgaon, Haryana","['34,500']",199.50 cc,No of,"29,500"
['Triumph '],Triumph Speed 400 2025,2025,"Pimpri-Chinchwad, Pune, Maharashtra",,400 cc,Single,"4,650"
['Triumph '],Triumph Scrambler 400 X,2025,"Hyderabad, Telangana",,400 cc,Single,"1,500"
['Jawa '],Jawa 350,2024,"Bangalore, Karnataka","['2,05,000']",300 cc,Single,"8,225"
['Yamaha '],Yamaha Rajdoot,1972,"Sholinganallur, Chennai, Tamil Nadu","['75,000']",200 cc,Single,
['Kabira '],Kabira Mobility KM 4000,2023,"Chembur, Mumbai, Maharashtra",,400 cc,Single,"10,000"
['Bajaj '],Bajaj Avenger Street 150,2017,"Andheri East, Mumbai, Maharashtra","['30,000']",150 cc,Single,"25,000"
['Aprilia '],Aprilia SR 160 Carbon ABS,2020,"Katni, Madhya Pradesh","['75,000']",160 cc,Single,"27,572"
['Ola '],Ola S1 X Plus Gen 3,2025,Telangana,,Not Applicable,Single,"5,500"
['Hero '],Hero Duet 110,2017,"Pune, Maharashtra","['32,000']",105 cc,Single,"43,000"
['Hero '],Hero CBZ Xtreme,2014,"Bangalore, Karnataka","['40,000']",105 cc,Single,"47,000"
['Bajaj '],Bajaj Pulsar RS 200 ABS,2016,"Gurgaon, Haryana","['65,000']",200 cc,Single,"45,340"
['Honda '],Honda CB350 DLX Pro,2021,"Aluva, Ernakulam, Kerala","['1,90,000']",110 cc,Single,"18,000"
['Hero '],Hero Splendor Plus,2023,"Surat, Gujarat","['58,000']",105 cc,Single,
['Benelli '],Benelli Imperiale 400,2021,"Electronic City, Bangalore, Karnataka","['1,40,000']",400 cc,Single,"20,000"
['Bajaj '],Bajaj Platina 100,2014,"Kanjhawala, North West Delhi, Delhi","['15,000']",100 cc,Single,"65,226"
['Bajaj '],Bajaj Pulsar 220 DTSi,2018,"Aurangabad, Maharashtra","['50,000']",220 cc,Single,"41,000"
['Bajaj '],Bajaj Avenger Street 220,2017,"Kurla West, Mumbai, Maharashtra","['50,000']",220 cc,Single,"30,000"
['Hero '],Hero Passion XTec,2023,"Tirumalagiri, Hyderabad, Telangana","['65,000']",105 cc,Single,"20,000"
['Honda '],Honda CB Trigger,2014,"Hyderabad, Telangana","['23,000']",110 cc,Single,"20,000"
['Ola '],Ola S1 Pro,2024,"Bhubaneshwar, Orissa","['99,000']",Not Applicable,Single,"9,474"
['Yamaha '],Yamaha FZ-S FI V3 BS6,2019,"Pune, Maharashtra","['65,000']",200 cc,Single,"60,000"
['Royal '],Royal Enfield Himalayan 452,2024,"Guwahati, Assam","['3,00,000']",340,Single,"7,000"
['Royal '],Royal Enfield Thunderbird 350,2017,"Pune, Maharashtra","['1,00,000']",340,Single,"34,168"
['Bajaj '],Bajaj Pulsar 220 DTSi,2010,"Kolkata, West Bengal","['80,000']",220 cc,Single,"34,000"
['Ather '],Ather 450X,2022,"Kundara, Kollam, Kerala","['55,000']",450 cc,Single,"58,000"
['Bajaj '],Bajaj Avenger Street 160,2021,"Dombivli, Thane, Maharashtra","['68,000']",160 cc,Single,"4,300"
['Bajaj '],Bajaj Dominar 400,2023,"Jalandhar, Punjab","['1,90,000']",400 cc,Single,"4,500"
['Yamaha '],Yamaha MT-15 Ver 2.0,2024,"Hyderabad, Telangana","['1,40,000']",200 cc,Single,"12,000"
['Suzuki '],Suzuki Access 125,2017,"Bangalore, Karnataka","['35,000']",110 cc,Single,"82,048"
['Yamaha '],Yamaha FZ25,2017,"Bangalore, Karnataka","['80,000']",200 cc,Single,"1,30,000 "
['Honda '],Honda Dream Yuga,2014,"Tiruchirappalli, Tamil Nadu","['30,000']",110 cc,Single,"40,000"
['TVS '],TVS Scooty Pep,2012,"Hadapsar, Pune, Maharashtra","['13,000']",100 cc,Single,"41,276"
['Hero '],Hero Maestro,2015,"Ernakulam, Kerala","['19,000']",105 cc,Single,"30,000"
['Ather '],Ather Rizta S,2024,"Gir Somnath, Gujarat","['1,05,000']",,Single,"5,000"
['Royal '],Royal Enfield Bullet Standard 350,2016,"Yellareddy, Kamareddy, Telangana","['1,35,000']",340,Single,"30,200"
['Bajaj '],Bajaj Avenger 220 DTS-i,2016,"Tikamgarh, Madhya Pradesh","['60,000']",220 cc,Single,"29,000"
['TVS '],TVS Jupiter ZX,2017,"Delhi Cantonment, New Delhi, Delhi","['34,999']",100 cc,Single,"33,535"
['TVS '],TVS Ronin TD,2023,"Pune, Maharashtra","['1,40,000']",100 cc,Single,"21,000"
['Bajaj '],Bajaj Avenger Street 150,2017,"Marathahalli, Bangalore, Karnataka","['55,000']",150 cc,Single,"54,104"
['Yamaha '],Yamaha MT-15 BS6,2024,"Tirunelveli, Tamil Nadu","['1,75,000']",200 cc,Single,"33,000"
['Bajaj '],Bajaj Dominar 250,2020,"Sanwer, Indore, Madhya Pradesh","['1,20,000']",250 cc,Single,"9,500"
['Royal '],Royal Enfield Classic 350,2012,"Vijayawada, Andhra Pradesh","['1,15,000']",340,Single,"70,000"
['Royal '],Royal Enfield Himalayan 452,2021,"Jogeshwari, Mumbai, Maharashtra","['2,00,000']",340,Single,"3,300"
['Husqvarna '],Husqvarna Svartpilen 250,2020,"Bangalore, Karnataka","['1,50,000']",250 cc,Single,"40,400"
['KOMAKI '],KOMAKI XGT X5,2025,"Nizamabad, Telangana",,,Single,25
['Jawa '],Jawa Perak,2020,"Bhopal, Madhya Pradesh","['1,20,000']",300 cc,Single,"6,100"
['TVS '],TVS Jupiter Classic BS6,2023,"Nagod, Satna, Madhya Pradesh","['70,000']",100 cc,Single,"4,950"
['Triumph '],Triumph Speed 400 2025,2025,"Zirakpur, Mohali, Punjab",,400 cc,Single,"7,000"
['Hero '],Hero Glamour Xtec,2021,"Bokaro, Jharkhand","['65,000']",105 cc,Single,"16,000"
['Yamaha '],Yamaha FZ-X,2024,"Ranchi, Jharkhand","['1,45,000']",200 cc,Single,"7,000"
['Okinawa '],Okinawa Praise Pro,2022,"Gaya, Bihar","['35,000']",,Single,"24,000"
['Honda '],Honda CB Unicorn,2016,"Surat, Gujarat","['60,000']",110 cc,Single,"1,03,200 "
['Royal '],Royal Enfield Hunter 350 Metro,2024,"Hyderabad, Telangana","['1,85,000']",340,Single,"3,300"
['Honda '],Honda Activa 4G,2017,"Kolkata, West Bengal","['35,000']",110 cc,Single,"49,700"
['Bajaj '],Bajaj Pulsar N160 Dual Channel ABS,2023,"Marathahalli, Bangalore, Karnataka","['1,30,000']",160 cc,Single,"12,300"
['Yamaha '],Yamaha FZS 25 BS6,2021,"Navi Mumbai, Maharashtra","['1,20,000']",200 cc,Single,"40,000"
['Honda '],Honda Activa 125,2023,"Chennai, Tamil Nadu","['80,000']",110 cc,Single,"6,500"
['Hero '],Hero Maestro Edge 110 BS6,2017,"Pune, Maharashtra","['38,000']",105 cc,Single,"29,100"
['TVS '],TVS Jupiter ZX,2022,"New Delhi, Delhi","['70,000']",100 cc,Single,"6,500"
['Honda '],Honda 2023 Activa 125 Disc,2023,"Thane, Maharashtra","['80,000']",110 cc,Single,"12,000"
['Suzuki '],Suzuki Hayate,2012,"West Delhi, Delhi","['10,000']",110 cc,Single,"52,501"
['TVS '],TVS Apache RTR 160 4V,2017,"Darbhanga, Bihar","['55,000']",100 cc,Single,"39,000"
['Suzuki '],Suzuki Access 125 BS6,,"Surat, Gujarat",,110 cc,Single,"80,000"
['Yamaha '],Yamaha FZ-S FI Ver 4.0 DLX,2024,"Silvassa, Dadra Nagar Haveli","['1,30,000']",200 cc,Single,"5,500"
['Royal '],Royal Enfield Meteor 350,2021,"Mubarakpur, Azamgarh, Uttar Pradesh","['1,70,000']",340,Single,"30,000"
['Royal '],Royal Enfield Hunter 350 Metro,2024,"Dharwad, Karnataka","['2,00,000']",340,Single,"5,500"
['Jawa '],Jawa 42 FJ,2024,"New Delhi, Delhi","['1,80,000']",300 cc,Single,"3,000"
['Honda '],Honda Activa 125,2016,"Mayur Vihar, East Delhi, Delhi","['29,000']",110 cc,No of,"23,000"
['Royal '],Royal Enfield Continental GT 650,2025,"Bokaro, Jharkhand",,340,Single,"1,012"
['Suzuki '],Suzuki Burgman Street BS6,,"Mumbai, Maharashtra",,110 cc,Single,"14,600"
['Mahindra '],Mahindra Flyte,2012,"Marredpally, Hyderabad, Telangana","['10,000']",125 cc,Single,"5,000"
['Bajaj '],Bajaj Avenger 220 DTS-i,2015,"Mysore, Karnataka","['40,000']",220 cc,Single,"56,000"
['Bajaj '],Bajaj Pulsar 125 Neon BS6,2020,"Dankuni, Hooghly, West Bengal","['60,000']",125 cc,Single,"28,800"
['Bajaj '],Bajaj Pulsar 200 NS,,"Hyderabad, Telangana",,200 cc,Single,"88,000"
['Honda '],Honda Activa DLX Limited Edition,2024,"Egmore, Chennai, Tamil Nadu","['75,000']",110 cc,Single,"7,046"
['BMW '],BMW G 310 R,2019,"Thane, Maharashtra","['2,00,000']",310 cc,Single,"5,100"
['Yamaha '],Yamaha FZ-S FI V2,2016,"Bhubaneshwar, Orissa","['50,000']",200 cc,Single,"20,000"
['TVS '],TVS Zest 110 Gloss Series,2015,"Berhampore, Murshidabad, West Bengal","['20,000']",100 cc,Single,"40,000"
['Hero '],Hero Passion Plus 2023,2023,"Thrissur, Kerala","['75,000']",105 cc,Single,"4,800"
['Yamaha '],Yamaha Fazer FI V2,2016,"Bandra East, Mumbai, Maharashtra","['40,000']",150 cc,Single,"78,000"
['TVS '],TVS NTORQ 125 XT,2023,"Bangalore, Karnataka","['1,10,000']",100 cc,Single,"6,300"
['Bajaj '],Bajaj Pulsar NS 125,2023,"Hebbal, Bangalore, Karnataka","['80,000']",125 cc,Single,"17,500"
['Jawa '],Jawa forty two BS6,2020,"Rewari, Haryana","['1,29,000']",300 cc,Single,"8,700"
['TVS '],TVS Sport,2014,"Siswa Bazar, Maharajganj, Uttar Pradesh","['18,000']",100 cc,Single,"50,000"
['Hero '],Hero Glamour Xtec,2022,"Kanchipuram, Tamil Nadu",,105 cc,Single,"20,000"
['Suzuki '],Suzuki Gixxer 150,2015,"Navi Mumbai, Maharashtra","['38,000']",110 cc,Single,"59,500"
['TVS '],TVS Apache RTR 160 2025,2025,"Madhepura, Bihar",,100 cc,Single,"1,700"
['Bajaj '],Bajaj Avenger Street 160 BS6,2023,"Bandra, Mumbai, Maharashtra","['80,000']",160 cc,Single,"20,000"
['Honda '],Honda CB Trigger,2014,"Nakur, Saharanpur, Uttar Pradesh","['30,000']",110 cc,Single,"26,000"
['KTM '],KTM 390 Adventure,2020,"Bangalore, Karnataka","['2,80,000']",390 cc,Single,"20,000"
['Vespa '],Vespa SXL 125,2022,"Pune, Maharashtra","['1,25,000']",125 cc,Single,"10,400"
['Yamaha '],Yamaha SZ-RR V2,2016,"Kanchrapara, North 24 Parganas, West Bengal","['35,000']",200 cc,Single,"18,997"
['TVS '],TVS Apache RTR 160 4V BS6,2020,"Kanchrapara, North 24 Parganas, West Bengal","['1,00,000']",100 cc,Single,"2,800"
['Honda '],Honda CB350 DLX Pro,2024,"Ahmedabad, Gujarat","['2,05,000']",110 cc,Single,"4,900"
['TVS '],TVS Raider 125,2022,"Valapady, Salem, Tamil Nadu","['62,000']",100 cc,Single,"45,000"
['KTM '],KTM Duke 390,2016,"Yelahanka, Bangalore, Karnataka","['1,35,000']",390 cc,Single,"26,500"
['Ola '],Ola S1 X Gen 3 2kWh,2025,"Rewari, Haryana",,Not Applicable,Single,60
['Yamaha '],Yamaha Fazer FI V2,2014,"Vikhroli, Mumbai, Maharashtra","['28,000']",150 cc,Single,"82,043"
['Suzuki '],Suzuki Burgman Street Standard Edition 2025,2025,"Mumbai, Maharashtra",,110 cc,Single,
['TVS '],TVS Sport BS6,2021,"Ghaziabad, Uttar Pradesh","['44,500']",100 cc,Single,"18,246"
['Hero '],Hero Hunk,2010,"Pimpri-Chinchwad, Pune, Maharashtra","['70,000']",105 cc,Single,"25,000"
['Honda '],Honda Activa i,2014,"Gorakhpur, Uttar Pradesh","['20,000']",110 cc,Single,"36,000"
['Royal '],Royal Enfield Classic Signals Airborne Blue,2023,"Mysore, Karnataka","['1,95,000']",340,Single,"14,000"
['TVS '],TVS Scooty Pep Plus,2018,"Bangalore, Karnataka","['29,999']",100 cc,No of,"14,037"
['Bajaj '],Bajaj Discover 125M,2014,"KR Puram, Bangalore, Karnataka","['35,000']",125 cc,Single,"63,400"
['Honda '],Honda Activa,2011,"Bangalore, Karnataka","['32,000']",110 cc,Single,"25,000"
['Hero '],Hero Glamour BS6,2021,"Saharsa, Bihar","['65,000']",105 cc,Single,"13,500"
['Ather '],Ather 450X,2023,"Chennai, Tamil Nadu","['1,10,000']",450 cc,Single,"27,000"
['Bajaj '],Bajaj Pulsar 180 DTSi,2016,"Sitamarhi, Bihar","['45,000']",180 cc,Single,"10,816"
['Bajaj '],Bajaj Dominar 400 ABS BS6,2022,"Ramgarh, Jharkhand","['1,80,000']",373.90 cc,Single,"32,000"
['TVS '],TVS Victor,2017,"Hindupur, Sri Sathya Sai, Andhra Pradesh","['36,000']",100 cc,Single,"78,000"
['Hero '],Hero Glamour 125 Drum,2011,"Kolkata, West Bengal","['40,000']",105 cc,Single,"33,000"
['Suzuki '],Suzuki Access 125 Bluetooth Enabled,2021,"Mathili, Malkangiri, Orissa","['60,000']",110 cc,Single,"61,000"
['TVS '],TVS Raider SX,2024,"Surat, Gujarat","['1,10,000']",100 cc,Single,"17,900"
['Ola '],Ola S1 Pro Gen2,2024,"Athani, Belgaum, Karnataka","['1,00,000']",Not Applicable,Single,"34,000"
['Harley '],Harley Davidson Street 750,2014,"Madurai, Tamil Nadu","['1,92,000']",440 cc,No of,"12,400"
['Suzuki '],Suzuki Gixxer SF BS6,2022,"Gooty, Anantapur, Andhra Pradesh","['90,000']",110 cc,Single,"21,600"
['Honda '],Honda Activa 5G,2018,"Patna, Bihar","['45,000']",110 cc,Single,"32,405"
['Royal '],Royal Enfield Bullet Electra,2021,"Kumta, Uttara Kannada, Karnataka","['1,45,000']",340,Single,"42,500"
['Bajaj '],Bajaj Pulsar N160,2024,"Chiplun, Ratnagiri, Maharashtra","['1,40,000']",160 cc,Single,"10,660"
['Yamaha '],Yamaha FZ-S FI V2,2019,"Bangalore, Karnataka","['65,000']",200 cc,Single,"33,000"
['Bajaj '],Bajaj Discover DTSi 125,2018,"Madhubani, Bihar","['30,000']",125 cc,Single,"40,000"
['Royal '],Royal Enfield Classic 500,2016,"Ranchi, Jharkhand","['95,000']",340,Single,"17,000"
['TVS '],TVS Scooty Pep Plus,2021,"Didwana-Kuchaman, Rajasthan","['30,000']",100 cc,Single,"10,000"
['Honda '],Honda Shine 125,2022,"Saharanpur, Uttar Pradesh","['65,000']",110 cc,Single,"14,500"
['Honda '],Honda Activa 6G,2021,"Ghaziabad, Uttar Pradesh","['51,000']",110 cc,Single,"16,000"
['Yamaha '],Yamaha MT-15 Ver 2.0,2023,"Kakinada, Andhra Pradesh","['1,45,000']",200 cc,Single,"20,000"
['TVS '],TVS Sport,2019,"Udaipur, Rajasthan","['30,000']",100 cc,Single,"40,000"
['TVS '],TVS Apache RTR 200 4V ABS Race Edition 2.0,2019,"Parel, Mumbai, Maharashtra","['60,000']",100 cc,Single,"27,000"
['Bajaj '],Bajaj Pulsar NS 160,2021,"Ameerpet, Hyderabad, Telangana","['85,000']",160 cc,Single,"64,500"
['Yamaha '],Yamaha Saluto 125,2016,"Bannerghatta Road, Bangalore, Karnataka","['32,000']",200 cc,Single,"45,000"
['Royal '],Royal Enfield Himalayan,2021,"Beed, Maharashtra","['2,10,000']",340,Single,"28,000"
['BMW '],BMW G 310 R,2020,"Bellary, Karnataka","['2,00,000']",310 cc,Single,"14,582"
['TVS '],TVS Apache RTR 200 4V,2019,"Ambattur, Chennai, Tamil Nadu","['60,000']",100 cc,Single,"51,000"
['Royal '],Royal Enfield Classic Signals Airborne Blue,2019,"KR Puram, Bangalore, Karnataka","['1,69,000']",340,Single,"37,000"
['Honda '],Honda CB300F Deluxe Pro,2023,Delhi,"['1,35,000']",110 cc,Single,"6,700"
['Yamaha '],Yamaha RX 135,1997,"Lucknow, Uttar Pradesh","['40,000']",200 cc,Single,
['Yamaha '],Yamaha YZF R15 S,2018,Tamil Nadu,"['80,000']",200 cc,Single,"52,400"
['Jawa '],Jawa forty two BS6,2020,"Pune, Maharashtra","['1,45,000']",300 cc,Single,"19,000"
['Honda '],Honda Shine 125 Drum,2020,"Palghar, Maharashtra","['65,000']",110 cc,Single,"6,000"
['Yamaha '],Yamaha MT-15 BS6,2024,"Mysore, Karnataka","['1,75,000']",200 cc,Single,"24,700"
['Suzuki '],Suzuki Gixxer SF,2016,"Thane, Maharashtra","['30,000']",110 cc,Single,"35,000"
['Ola '],Ola S1 Pro,2022,"Alwar, Rajasthan","['90,000']",Not Applicable,Single,"29,000"
['Hero '],Hero Passion X Pro,2019,"New Delhi, Delhi","['30,000']",105 cc,Single,"80,000"
['Honda '],Honda Activa,2011,"Thodupuzha, Idukki, Kerala","['15,000']",110 cc,Single,"1,50,000 "
['Royal '],Royal Enfield Interceptor 650 Twin,2025,"Nandakumar, Purba Medinipur, West Bengal",,340,Single,"8,500"
['Bajaj '],Bajaj Pulsar NS 160,2023,"Muradnagar, Ghaziabad, Uttar Pradesh","['80,000']",160 cc,Single,"43,000"
['TVS '],TVS Apache RTR 160 4V BS6,2020,"Tirupati, Andhra Pradesh","['69,000']",100 cc,Single,"69,000"
['Royal '],Royal Enfield Classic 350 Dual Channel BS6,2022,"Guwahati, Assam","['1,50,000']",340,Single,"25,000"
['Bajaj '],Bajaj Avenger Street 160,2019,"Shaikpet, Hyderabad, Telangana","['55,000']",160 cc,Single,"6,700"
['Suzuki '],Suzuki V-Strom 650XT ABS BS6,2022,"Nilambur, Malappuram, Kerala","['6,50,000']",110 cc,Single,"3,000"
['Bajaj '],Bajaj Platina 100 ES BS6,2022,"Hisar, Haryana","['45,000']",100 cc,Single,"58,700"
['Royal '],Royal Enfield Continental GT 650,2023,"Secunderabad, Hyderabad, Telangana","['3,40,000']",340,Single,"6,500"
['Honda '],Honda Livo 110,2019,"Bhiwadi, Alwar, Rajasthan","['35,000']",110 cc,Single,"55,000"
['TVS '],TVS Apache RR 310,2023,"Bhagalpur, Bihar","['2,20,000']",100 cc,Single,"1,625"
['KTM '],KTM Duke 250,2023,"Pataudi, Gurgaon, Haryana","['1,70,000']",250 cc,No of,"5,002"
['Bajaj '],Bajaj Avenger Cruise 220,2015,"Electronic City, Bangalore, Karnataka","['48,500']",220 cc,Single,"65,120"
['Honda '],Honda CB Shine,2017,"Lucknow, Uttar Pradesh","['40,000']",110 cc,Single,"56,900"
['Royal '],Royal Enfield Classic 350,2016,"Bangalore, Karnataka","['1,29,999']",340,Single,"35,000"
['Hero '],Hero Glamour BS6,2020,"Araria, Bihar","['52,000']",105 cc,Single,"35,000"
['Bajaj '],Bajaj V12,2020,"Huzur, Bhopal, Madhya Pradesh","['35,000']",124 cc,Single,"50,000"
['Honda '],Honda CB300F,2024,"Trivandrum, Kerala","['1,60,000']",110 cc,Single,"5,850"
['Benelli '],Benelli Imperiale 400,2022,"Hyderabad, Telangana","['1,60,000']",400 cc,Single,"16,000"
['Benelli '],Benelli TRK 502X,2021,"Bahadurpura, Hyderabad, Telangana","['5,00,000']",502 cc,Single,"60,000"
['Bajaj '],Bajaj Chetak Premium,2021,"Pimpri-Chinchwad, Pune, Maharashtra","['65,000']",Not Applicable,Single,"39,600"
['Jawa '],Jawa 42 Dual Channel ABS AllStar Black,2022,"Varanasi, Uttar Pradesh","['1,70,000']",300 cc,Single,"17,000"
['Bicycle '],Bicycle Keysto,2023,"Gautam Buddha Nagar, Uttar Pradesh",,Not Applicable,Single,
['Hero '],Hero Splendor Plus Xtec,2023,"Hyderabad, Telangana","['70,000']",105 cc,Single,"20,857"
['Ather '],Ather 450X Gen 3,2025,"Secunderabad, Hyderabad, Telangana",,450 cc,Single,"4,339"
['Royal '],Royal Enfield Classic 350,2022,"Patna, Bihar","['1,95,000']",340,Single,"15,417"
['BSA '],BSA Gold Star 650,2024,"Whitefield, Bangalore, Karnataka",,650 cc,Single,230
['Yamaha '],Yamaha R15M,2024,"Navi Mumbai, Maharashtra","['1,90,000']",200 cc,Single,"6,300"
['Bajaj '],Bajaj Freedom 125 NG04 Drum LED,2024,"New Delhi, Delhi","['95,000']",125 cc,Single,"4,500"
['Honda '],Honda CBR 250R,2011,"Bangalore, Karnataka","['45,000']",110 cc,Single,"1,00,100 "
['Honda '],Honda Activa,2011,"Lucknow, Uttar Pradesh","['20,000']",110 cc,Single,"39,500"
['Royal '],Royal Enfield Meteor 350 Fireball,2023,"Cuttack, Orissa","['1,78,000']",340,Single,"15,200"
['Bajaj '],Bajaj Dominar 400 ABS BS6,2022,"Rajajinagar, Bangalore, Karnataka","['1,48,000']",373 cc,Single,"48,000"
['TVS '],TVS Star City Plus BS VI,2022,"Kolkata, West Bengal","['51,000']",100 cc,Single,"29,000"
['Jawa '],Jawa 42 Dual Channel ABS Cosmic Carbon,2023,"Hoskote, Bangalore, Karnataka","['1,55,000']",300 cc,Single,"15,000"
['Hero '],Hero CBZ Xtreme,2011,"Hebbal, Bangalore, Karnataka","['40,000']",105 cc,Single,"49,000"
['Honda '],Honda Activa 5G,2023,"Hyderabad, Telangana",,110 cc,Single,
['Honda '],Honda CB Shine SP,2014,"Alandur, Chennai, Tamil Nadu","['35,000']",110 cc,Single,"40,000"
['Royal '],Royal Enfield Bullet Electra,2014,"Jammu, Jammu Kashmir","['97,000']",340,Single,"54,000"
['Harley '],Harley Davidson Street 750,2015,"Navi Mumbai, Maharashtra","['2,00,001']",440 cc,Single,"17,000"
['Honda '],Honda CB Trigger,2014,"Mumbai, Maharashtra","['33,000']",110 cc,Single,"28,441"
['Triumph '],Triumph Speed 400 2025,2025,"Malad, Mumbai, Maharashtra",,398 cc,Single,550
['Royal '],Royal Enfield Classic 500,2011,"West Delhi, Delhi","['80,000']",340,No of,"36,000"
['Honda '],Honda Activa 6G Std,2023,"Kolkata, West Bengal","['65,000']",110 cc,Single,"40,000"
['Royal '],Royal Enfield Continental GT 650,2021,"Noida, Uttar Pradesh","['2,95,000']",340,No of,"13,650"
['KTM '],KTM 250 Adventure 2021,2021,"Warangal, Telangana","['1,40,000']",250 cc,Single,"36,000"
['Jawa '],Jawa 42 Dual Channel ABS AllStar Black,2021,"New Delhi, Delhi","['1,20,000']",300 cc,No of,"42,000"
['Honda '],Honda CD 110 Dream,2019,"Tirumalagiri, Hyderabad, Telangana",,110 cc,Single,"35,000"
['Bajaj '],Bajaj Pulsar N150,2023,"Hyderabad, Telangana","['1,40,000']",150 cc,Single,"12,000"
['Honda '],Honda Hness Anniversary Edition,2022,"Pune, Maharashtra","['1,80,000']",110 cc,Single,"16,000"
['Honda '],Honda CB Shine SP,2017,"Khagaria, Munger, Bihar","['29,999']",110 cc,Single,"46,000"
['TVS '],TVS Apache RTR 180,2018,"Bhota, Hamirpur, Himachal Pradesh","['60,000']",100 cc,Single,"61,000"
['Hero '],Hero Glamour 125 Disc,2021,"Bijepur, Bargarh, Orissa","['55,000']",105 cc,Single,"46,500"
['Yamaha '],Yamaha R15 V4,2023,"Aurangabad, Maharashtra","['1,50,000']",200 cc,Single,"25,000"
['Yamaha '],Yamaha FZ-S FI V3 BS6,2021,"Hyderabad, Telangana","['80,000']",200 cc,Single,"32,520"
['Yamaha '],Yamaha Fascino,2016,"Kolhapur, Maharashtra","['30,000']",200 cc,Single,"20,000"
['KTM '],KTM RC 200,2018,"HSR Layout, Bangalore, Karnataka","['1,25,000']",200 cc,Single,"26,000"
['Yamaha '],Yamaha Fazer 25,2018,"Pimpri-Chinchwad, Maharashtra","['55,000']",200 cc,Single,"53,477"
['Kawasaki '],Kawasaki Ninja 300 BS6,2018,"Banashankari, Bangalore, Karnataka","['2,65,000']",300 cc,Single,"9,300"
['Bajaj '],Bajaj Avenger Street 150,2017,"Ahmedabad, Gujarat","['35,000']",150 cc,No of,"40,000"
['Royal '],Royal Enfield Hunter 350 Metro,2024,"New Delhi, Delhi","['1,65,000']",340,Single,"8,100"
['Hero '],Hero Maestro Edge,2018,"Hyderabad, Telangana","['30,000']",105 cc,Single,"55,000"
['Yamaha '],Yamaha FZ-S FI V2,2017,"Shaikpet, Hyderabad, Telangana","['60,000']",200 cc,Single,"33,000"
['Honda '],Honda CB Shine,2010,"Velachery, Chennai, Tamil Nadu","['30,000']",110 cc,Single,"65,000"
['Jawa '],Jawa 42 Dual Channel ABS Cosmic Carbon,2023,"Gautam Buddha Nagar, Uttar Pradesh","['1,20,000']",300 cc,Single,"24,000"
['Hero '],Hero Maestro Edge,2018,"Mohanlalganj, Lucknow, Uttar Pradesh","['15,000']",105 cc,Single,"30,000"
['Bajaj '],Bajaj Pulsar 135LS,2011,"Kolkata, West Bengal","['18,000']",340,Single,"96,573"
['Bajaj '],Bajaj Avenger Street 160 BS6,2023,"Dombivli, Thane, Maharashtra","['1,00,000']",160 cc,Single,"22,000"
['Honda '],Honda CB Unicorn,2019,"Hadapsar, Pune, Maharashtra","['70,000']",110 cc,Single,"26,000"
['TVS '],TVS Apache RTR 160 4V,2020,"Udaipur, Rajasthan","['60,000']",100 cc,Single,"60,000"
['Bajaj '],Bajaj Pulsar F250,2022,"Udupi, Karnataka","['1,40,000']",250 cc,Single,"28,715"
['Bajaj '],Bajaj Avenger Street 180,2019,"Kalyan, Thane, Maharashtra","['55,000']",180 cc,Single,"38,000"
['Hero '],Hero XPulse,2019,"Chembur, Mumbai, Maharashtra","['80,000']",105 cc,Single,"6,000"
['Hero '],Hero Xpulse 200 4V,2022,"South West Delhi, Delhi","['95,000']",105 cc,Single,"9,300"
['Bajaj '],Bajaj Discover 100,2013,"New Delhi, Delhi",,100 cc,Single,
['Kawasaki '],Kawasaki Z250,2015,"Tambaram, Chengalpattu, Tamil Nadu","['1,35,000']",249 cc,Single,"21,230"
['Arrow '],Arrow EV Vespar Round Light,2012,"Pune, Maharashtra",,,Single,"20,000"
['Hero '],Hero Achiever,2019,"Pipalda, Kota, Rajasthan","['51,990']",105 cc,Single,"50,000"
['TVS '],TVS NTORQ 125 Race XP,2023,"Hyderabad, Telangana","['60,000']",100 cc,Single,"40,000"
['Royal '],Royal Enfield Thunderbird 350,2016,"Indore, Madhya Pradesh","['90,000']",340,Single,"6,900"
['TVS '],TVS Apache RTR 160 4V BS6,2022,"Gonda, Uttar Pradesh","['95,000']",100 cc,Single,"32,800"
['Royal '],Royal Enfield Interceptor 650 Twin,2020,"Bangalore, Karnataka","['2,25,000']",340,Single,"8,000"
['TVS '],TVS NTORQ 125,2022,"Shahdara, Delhi","['60,000']",100 cc,Single,"32,000"
['Yamaha '],Yamaha FZ25,2018,"Dadar, Mumbai, Maharashtra","['50,000']",200 cc,Single,"18,900"
['BMW '],BMW G 310 RR,2023,"Bhubaneshwar, Orissa","['2,60,000']",310 cc,Single,"2,957"
['Hero '],Hero Pleasure Plus Platinum,2021,"Ghaziabad, Uttar Pradesh","['48,000']",105 cc,Single,"62,000"
['Honda '],Honda Activa 5G Limited Edition,2019,"Balugaon, Khordha, Orissa","['40,000']",110 cc,Single,"50,000"
['Royal '],Royal Enfield Interceptor 650 Twin,2020,"Chanakyapuri, New Delhi, Delhi","['2,35,000']",340,Single,"6,350"
['Honda '],Honda Activa,2013,"Wakad, Pune, Maharashtra","['15,000']",110 cc,Single,
['Ola '],Ola S1X Plus,2024,"Badlapur, Thane, Maharashtra","['60,000']",Not Applicable,Single,"7,800"
['Yamaha '],Yamaha Ray ZR 125 Fi Hybrid,2024,"Mayur Vihar, East Delhi, Delhi","['85,000']",200 cc,Single,"8,500"
['Honda '],Honda CD 110 Dream,2019,"Uklana Mandi, Hisar, Haryana","['40,000']",110 cc,Single,"56,000"
['Aprilia '],Aprilia SR 125,2019,"Kolkata, West Bengal","['45,000']",125 cc,Single,"40,000"
['Honda '],Honda SP 125 BSVI,2023,"Agra, Uttar Pradesh","['80,000']",110 cc,Single,"20,000"
['Honda '],Honda Shine 125 Disc,,"Vasundhara, Ghaziabad, Uttar Pradesh",,110 cc,Single,"50,000"
['Hero '],Hero XPulse 200T,2019,"Tiruvannamalai, Tamil Nadu","['60,000']",105 cc,Single,"65,000"
['Ola '],Ola S1X Plus,2024,"Thane, Maharashtra","['76,000']",Not Applicable,Single,750
['Revolt '],Revolt RV 400,2024,"Ghaziabad, Uttar Pradesh","['1,00,000']",400 cc,Single,"2,500"
['Bajaj '],Bajaj Avenger Street 150,2016,"Bokaro, Jharkhand","['35,000']",150 cc,Single,"27,000"
['Royal '],Royal Enfield Super Meteor 650,2024,"Hubballi, Dharwad, Karnataka","['4,50,000']",340,Single,"2,800"
['Yezdi '],Yezdi Roadster Dark,2022,"Rewari, Haryana","['1,65,000']",340,Single,"12,460"
['Honda '],Honda CB350RS,2022,"Bangalore, Karnataka","['1,95,000']",110 cc,Single,"3,100"
['Yamaha '],Yamaha R15M,2023,"Hoshangabad, Madhya Pradesh","['1,50,000']",200 cc,Single,"9,500"
['Royal '],Royal Enfield Interceptor 650 Twin,2024,"Hyderabad, Telangana","['3,40,000']",340,Single,"9,020"
['Bajaj '],Bajaj Freedom 125 NG04 Disc LED,2025,"Junagadh, Gujarat",,125 cc,Single,"6,000"
['Yamaha '],Yamaha FZ-S,2013,"Pimpri-Chinchwad, Pune, Maharashtra","['40,000']",200 cc,Single,"49,500"
['TVS '],TVS Raider Split Seat,2021,"Domjur, Howrah, West Bengal","['65,000']",100 cc,Single,"36,000"
['Honda '],Honda Shine 125 Drum OBD2,2022,"Bahadurpura, Hyderabad, Telangana","['59,999']",110 cc,Single,"35,000"
['Yamaha '],Yamaha FZ-S FI V2,2015,"Delhi Cantonment, New Delhi, Delhi","['22,000']",200 cc,Single,"60,433"
['TVS '],TVS Apache RTR 160,2017,"Shaikpet, Hyderabad, Telangana","['40,000']",100 cc,Single,"49,000"
['Bajaj '],Bajaj Chetak Premium,2024,"Indore, Madhya Pradesh","['1,20,000']",Not Applicable,Single,"9,000"
['TVS '],TVS Jupiter,2020,"Noida, Uttar Pradesh","['40,000']",100 cc,Single,"17,779"
['Royal '],Royal Enfield Classic 350,2016,"Delhi Cantonment, New Delhi, Delhi","['95,000']",340,Single,"40,900"
['Yamaha '],Yamaha YZF R15 S,,"Kanpur, Uttar Pradesh",,200 cc,Single,"18,000"
['Hero '],Hero Achiever,2017,"Asansol, Paschim Bardhaman, West Bengal","['45,000']",105 cc,Single,"35,000"
['Honda '],Honda Unicorn,2011,"Chennai, Tamil Nadu","['20,000']",110 cc,Single,"58,000"
['Royal '],Royal Enfield Meteor 350 Stellar,2022,"Anna Nagar, Chennai, Tamil Nadu","['1,70,000']",340,Single,"9,900"
['Bajaj '],Bajaj Pulsar NS 125,2024,"Jamui, Bihar","['95,000']",125 cc,Single,"5,000"
['TVS '],TVS Victor Premium Edition,2020,"Sambhal, Uttar Pradesh","['38,000']",100 cc,Single,"24,500"
['Jawa '],Jawa forty two,2023,"Hosapete, Vijayanagara, Karnataka","['1,70,000']",300 cc,Single,"14,000"
['Honda '],Honda Activa 125,2017,"Bannerghatta Road, Bangalore, Karnataka","['35,000']",110 cc,Single,"56,400"
['KTM '],KTM Duke 200,2016,"Nashik, Maharashtra","['85,000']",200 cc,Single,"62,000"
['Bajaj '],Bajaj Chetak Electric,2024,"Ameerpet, Hyderabad, Telangana","['80,000']",Not Applicable,Single,350
['Jawa '],Jawa 42 Dual Channel ABS Orion Red,2021,"South 24 Parganas, West Bengal","['1,35,000']",300 cc,Single,"27,500"
['Yamaha '],Yamaha FZ FI V3 BS6,2019,"Pune, Maharashtra","['74,000']",200 cc,Single,"25,000"
['Royal '],Royal Enfield Bullet 350,1982,"Ranni, Pathanamthitta, Kerala","['1,25,000']",340,No of,"18,000"
['Honda '],Honda Shine 125,2009,"Bhavani, Erode, Tamil Nadu","['20,000']",110 cc,Single,"65,000"
['Honda '],Honda Activa,2016,"Ulhasnagar, Thane, Maharashtra","['40,000']",110 cc,Single,"23,000"
['Yamaha '],Yamaha FZ-S FI V3 BS6,2020,"Mulund West, Mumbai, Maharashtra","['75,000']",200 cc,Single,"45,000"
['Royal '],Royal Enfield Thunderbird 350,2014,"New Delhi, Delhi","['85,000']",340,Single,"42,000"
['Hero '],Hero Glamour 125 Disc,2018,"Ghaziabad, Uttar Pradesh","['50,000']",105 cc,Single,"40,000"
['KTM '],KTM RC 200,2019,"Pune, Maharashtra","['1,30,000']",200 cc,Single,"12,840"
['Yamaha '],Yamaha FZ FI V2,2018,"Kherki Daula, Gurgaon, Haryana","['60,000']",200 cc,Single,"30,000"
['Hero '],Hero Duet 125,2019,"Gurgaon, Haryana","['20,000']",105 cc,Single,"17,400"
['Royal '],Royal Enfield Bullet 350 ES BS6,2021,"Sanganer, Jaipur, Rajasthan","['1,30,000']",340,Single,"34,000"
['Honda '],Honda CB Twister,2010,"Sarjapur Road, Bangalore, Karnataka",,110 cc,Single,"26,944"
['TVS '],TVS Apache RR 310,2023,"Pimpri-Chinchwad, Maharashtra","['2,45,000']",100 cc,Single,"14,000"
['Honda '],Honda Activa 5G,2020,"New Delhi, Delhi","['55,000']",110 cc,Single,"26,300"
['Yamaha '],Yamaha FZS 25,2021,"Tirupur, Tamil Nadu","['1,02,000']",200 cc,Single,"15,000"
['Royal '],Royal Enfield Super Meteor 650,2023,"Noida, Uttar Pradesh","['3,90,000']",340,Single,"1,790"
['TVS '],TVS Apache RR 310,2023,"Gurgaon, Haryana","['2,10,000']",100 cc,Single,"6,100"
['Hero '],Hero Duet 110,2016,"Bangalore, Karnataka","['43,500']",105 cc,Single,"13,000"
['Royal '],Royal Enfield Super Meteor 650,2024,"Amravati, Maharashtra","['4,10,000']",340,Single,"2,664"
['Suzuki '],Suzuki Swish,2014,"Pune, Maharashtra","['30,000']",110 cc,Single,"17,666"
['Royal '],Royal Enfield Meteor 350 Stellar,2021,"Dwarka, South West Delhi, Delhi","['1,65,000']",340,Single,"3,500"
['Royal '],Royal Enfield Hunter 350 Metro,2023,"Shaikpet, Hyderabad, Telangana","['1,85,000']",340,Single,"11,000"
['Yamaha '],Yamaha FZ-S,2012,"Hyderabad, Telangana","['25,000']",200 cc,Single,"51,000"
['Simple '],Simple Energy One 2025,2025,"Bangalore, Karnataka",,202 cc,Single,"1,560"
['Royal '],Royal Enfield Thunderbird TwinSpark 350,2011,"Pune, Maharashtra","['60,000']",340,Single,"65,000"
['TVS '],TVS Scooty Streak,2013,"Chennai, Tamil Nadu","['20,000']",100 cc,Single,"19,555"
['Bajaj '],Bajaj Pulsar 150 DTSi,2012,"Secunderabad, Hyderabad, Telangana","['25,000']",150 cc,Single,"60,660"
['Honda '],Honda CB Shine,2015,"Bisalpur, Pilibhit, Uttar Pradesh","['30,000']",110 cc,Single,"1,16,000 "
['KOMAKI '],KOMAKI XGT X5,2025,"Mumbai, Maharashtra",,,Single,300
['Royal '],Royal Enfield Meteor 350 Fireball,2023,"Vadodara, Gujarat","['1,85,000']",340,Single,"5,300"
['Yamaha '],Yamaha FZ-S,2017,"Whitefield, Bangalore, Karnataka",,200 cc,Single,"15,000"
['Royal '],Royal Enfield Meteor 350 Supernova,2024,"Daulatpur Chowk, Una, Himachal Pradesh","['1,90,000']",340,Single,"7,450"
['Bajaj '],Bajaj Pulsar NS125 BS6,2023,"Hyderabad, Telangana","['70,000']",125 cc,Single,"22,000"
['Royal '],Royal Enfield Super Meteor 650,2025,"Jammu, Jammu Kashmir",,340,Single,"2,000"
['Bajaj '],Bajaj Pulsar AS 200,2015,"Allahabad, Uttar Pradesh","['45,000']",200 cc,Single,"25,500"
['Royal '],Royal Enfield Hunter 350 Metro,,"Hagaribommanahalli, Vijayanagara, Karnataka",,340,Single,"21,875"
['Kawasaki '],Kawasaki W175 Street,,"Hyderabad, Telangana",,177 cc,Single,"8,500"
['Bajaj '],Bajaj Dominar 400,2018,"Rajajinagar, Bangalore, Karnataka","['1,75,000']",400 cc,Single,"36,000"
['Bajaj '],Bajaj Pulsar NS125 BS6,2022,"Nashik, Maharashtra","['75,000']",125 cc,Single,"32,000"
['Jawa '],Jawa 42 Bobber Red Sheen,2023,"Alandur, Chennai, Tamil Nadu","['1,89,000']",300 cc,Single,"2,000"
['Honda '],Honda Hness Anniversary Edition,2022,"Dahisar, Mumbai, Maharashtra","['1,75,000']",110 cc,Single,"3,000"
['Suzuki '],Suzuki Avenis 125 Ride Connect Edition,2022,"Dehradun, Utarakhand","['65,000']",110 cc,Single,"13,000"
['Suzuki '],Suzuki Gixxer SF,2016,"Bhiwandi, Thane, Maharashtra","['42,000']",110 cc,Single,"63,500"
['TVS '],TVS Apache RTR 160 4V,2018,"Kolkata, West Bengal","['62,000']",100 cc,Single,"45,000"
['TVS '],TVS Apache RTR 160 4V BS6,2021,"Medchal, Telangana","['90,000']",100 cc,Single,"19,500"
['Hero '],Hero Xtreme 160R,2020,"Ludhiana, Punjab","['75,000']",105 cc,Single,"21,000"
['Bajaj '],Bajaj Dominar 400 Disc,2017,"Ghaziabad, Uttar Pradesh","['89,000']",400 cc,Single,"73,112"
['Yamaha '],Yamaha FZ-S,2011,"Mumbai, Maharashtra","['20,000']",200 cc,Single,"25,000"
['Hero '],Hero Pleasure,2014,"Alwar, Rajasthan","['22,000']",105 cc,Single,"40,000"
['Royal '],Royal Enfield Hunter 350 Metro,2024,"Bhuj, Kachchh, Gujarat","['1,85,000']",340,Single,"5,456"
['Honda '],Honda Aviator,2012,"Banashankari, Bangalore, Karnataka","['18,000']",110 cc,Single,"65,000"
['Hero '],Hero Maestro Edge 110 BS6,2016,"Bangalore, Karnataka","['36,000']",105 cc,Single,"38,000"
['KTM '],KTM Duke 200,2016,"Indore, Madhya Pradesh","['1,00,000']",200 cc,Single,"6,000"
['Honda '],Honda Hness CB 350,2022,"Kanpur, Uttar Pradesh","['1,70,000']",110 cc,Single,"14,200"
['TVS '],TVS NTORQ 125 Race Edition BS6,2024,"Indiranagar, Bangalore, Karnataka","['93,000']",100 cc,Single,"5,200"
['Ola '],Ola S1,2022,"Nagpur, Maharashtra","['70,000']",Not Applicable,Single,"20,000"
['Yamaha '],Yamaha R15 V4,2025,"Chengalpattu, Tamil Nadu",,200 cc,Single,"2,000"
['TVS '],TVS Apache RTR 160 4V 2024,2024,"Lucknow, Uttar Pradesh","['1,20,000']",100 cc,Single,"18,000"
['Royal '],Royal Enfield Thunderbird 350,2018,"Khairatabad, Hyderabad, Telangana","['1,00,000']",340,Single,"19,000"
['Hero '],Hero Passion X Pro,2013,"Dadar, Mumbai, Maharashtra","['30,000']",105 cc,Single,"32,000"
['Yamaha '],Yamaha FZ-S FI Ver 4.0,2023,"Gurgaon, Haryana","['1,15,000']",200 cc,Single,"20,000"
['Royal '],Royal Enfield Continental GT 650,2022,"Ghaziabad, Uttar Pradesh","['3,15,000']",340,Single,"7,800"
['KTM '],KTM RC 200,2019,"Itwa, Siddharthnagar, Uttar Pradesh","['1,00,000']",200 cc,Single,"20,000"
['Royal '],Royal Enfield Thunderbird 350,2015,Maharashtra,"['95,000']",340,Single,"11,420"
['Royal '],Royal Enfield Hunter 350 Metro,2024,"Ghaziabad, Uttar Pradesh","['1,72,999']",340,Single,"5,000"
['Hero '],Hero Karizma XMR,2024,"Mumbai, Maharashtra","['1,75,000']",105 cc,Single,950
['Royal '],Royal Enfield Interceptor 650 Twin,2019,"HSR Layout, Bangalore, Karnataka","['2,90,000']",340,Single,"7,200"
['Aprilia '],Aprilia SR 150,2016,"Proddatur, Kadapa, Andhra Pradesh","['35,000']",150 cc,Single,"42,000"
['TVS '],TVS Jupiter ZX Disc BS6,2020,"Kurla, Mumbai, Maharashtra","['50,000']",100 cc,Single,"47,000"
['Royal '],Royal Enfield Thunderbird 350,2017,"Pimpri-Chinchwad, Pune, Maharashtra","['1,00,000']",340,Single,
['Hero '],Hero Glamour Xtec,2023,"Noida, Uttar Pradesh","['65,000']",105 cc,Single,"10,250"
['Ola '],Ola S1X 4 kWh,2025,"Jaipur, Rajasthan",,Not Applicable,Single,"3,500"
['Honda '],Honda Activa,2011,"Tirumalagiri, Hyderabad, Telangana","['12,000']",110 cc,Single,"50,000"
['Jawa '],Jawa 350,2024,"Hadapsar, Pune, Maharashtra","['1,85,000']",300 cc,Single,"6,000"
['TVS '],TVS iQube S,2024,"Sanganer, Jaipur, Rajasthan","['1,00,000']",100 cc,Single,"20,000"
['Royal '],Royal Enfield Super Meteor 650,,"Alandur, Chennai, Tamil Nadu",,340,Single,"5,400"
['Bajaj '],Bajaj Pulsar NS125 2022,2022,"West Delhi, Delhi","['22,000']",202 cc,Single,"75,000"
['Bajaj '],Bajaj Pulsar N150,2023,"Amberpet, Hyderabad, Telangana","['1,00,000']",150 cc,Single,"18,500"
['Honda '],Honda Activa 3G,2015,"Agra, Uttar Pradesh","['22,000']",110 cc,Single,"58,681"
['Yamaha '],Yamaha FZ16,2014,"Bangalore, Karnataka","['30,000']",200 cc,No of,"70,000"
['Honda '],Honda CB Twister,2011,"Rewa, Madhya Pradesh","['20,000']",110 cc,Single,"50,000"
['Royal '],Royal Enfield 2023 Continental GT 650,2023,"Solapur, Maharashtra","['3,25,000']",340,Single,"4,850"
['Ola '],Ola S1 Pro Gen2,2023,"New Delhi, Delhi","['85,000']",Not Applicable,Single,"19,000"
['Triumph '],Triumph Speed 400 2025,2025,"Mumbai, Maharashtra",,400 cc,Single,"3,000"
['Yamaha '],Yamaha MT-15 BS6,2022,"Panipat, Haryana","['1,32,500']",200 cc,Single,"48,000"
['Bajaj '],Bajaj Pulsar 150,2015,"Dhanbad, Jharkhand","['32,000']",150 cc,Single,"61,540"
['Bajaj '],Bajaj Avenger 220 DTS-i,2012,"Nashik, Maharashtra","['40,000']",220 cc,Single,"54,000"
['Honda '],Honda Activa,2011,"Chennai, Tamil Nadu","['15,000']",110 cc,Single,"2,00,000 "
['Hero '],Hero Passion Pro,2015,"Navsari, Gujarat","['35,000']",105 cc,Single,"35,000"
['Ola '],Ola S1 Air,2023,"Trivandrum, Kerala","['95,000']",Not Applicable,Single,"2,000"
['Royal '],Royal Enfield Bullet Standard 350,2016,"Attingal, Trivandrum, Kerala","['85,000']",340,Single,"3,500"
['Honda '],Honda Activa e,2025,"Bangalore, Karnataka",,110 cc,Single,16
['Jawa '],Jawa 42 Bobber Dual Channel ABS,2023,"Ambattur, Chennai, Tamil Nadu","['1,60,000']",300 cc,Single,"13,500"
['Revolt '],Revolt RV 400,2020,"Ameerpet, Hyderabad, Telangana","['60,000']",400 cc,Single,"66,000"
['Hero '],Hero Xtreme 250R,2025,"Banashankari, Bangalore, Karnataka",,105 cc,Single,75
['KTM '],KTM Duke,2017,"Chennai, Tamil Nadu","['1,30,000']",,Single,"15,000"
['Royal '],Royal Enfield Thunderbird 500,2014,"Noida, Uttar Pradesh","['90,000']",340,Single,"2,000"
['Suzuki '],Suzuki Gixxer SF 250 BS6,2021,"Lucknow, Uttar Pradesh","['1,60,000']",110 cc,Single,"17,000"
['Bajaj '],Bajaj Pulsar 150 DTSi,2012,"Darbhanga, Bihar","['35,000']",150 cc,Single,"36,000"
['Jawa '],Jawa forty two BS6,2022,"Ambala, Haryana","['1,45,000']",300 cc,Single,"2,300"
['TVS '],TVS Raider Split Seat,2024,"Bansgaon, Gorakhpur, Uttar Pradesh","['90,000']",100 cc,Single,"7,000"
['Honda '],Honda CB350 DLX Pro,2023,"Mangalore, Karnataka","['2,10,000']",110 cc,Single,"20,300"
['Hero '],Hero HF Deluxe,2019,"Agra, Uttar Pradesh","['25,000']",105 cc,Single,"47,500"
['Royal '],Royal Enfield Interceptor 650 Twin,2019,"Bellandur, Bangalore, Karnataka","['2,60,000']",340,Single,"7,300"
['Honda '],Honda CB Unicorn,2014,"Bangalore, Karnataka","['45,000']",110 cc,Single,"80,000"
['Hero '],Hero Glamour BS6,2022,"Kolkata, West Bengal","['75,000']",105 cc,Single,"2,250"
['Suzuki '],Suzuki Swish,2017,"Bangalore, Karnataka","['35,000']",110 cc,No of,"23,000"
['Yezdi '],Yezdi Roadster Dark,2022,"Sikar, Rajasthan","['2,00,000']",340,Single,"10,980"
['Royal '],Royal Enfield Bullet Electra Twinspark,2015,"Mumbai, Maharashtra","['85,500']",340,No of,"52,009"
['Royal '],Royal Enfield Meteor 350 Stellar,2023,"T. Nagar, Chennai, Tamil Nadu","['1,75,000']",340,Single,"16,500"
['TVS '],TVS Apache RTR 200 4V,2016,"Noida, Uttar Pradesh","['60,000']",100 cc,Single,"90,000"
['Royal '],Royal Enfield Continental GT 650 Twin,2024,"Zirakpur, Sahibzada Ajit Singh Nagar, Punjab","['3,40,000']",340,Single,"8,900"
['Bajaj '],Bajaj Avenger Street 160,2020,"Erich, Jhansi, Uttar Pradesh","['70,000']",160 cc,Single,"55,000"
['Suzuki '],Suzuki Access 125,2017,"West Delhi, Delhi","['35,000']",110 cc,Single,"34,000"
['Honda '],Honda Activa 5G Limited Edition,2019,"Mumbai, Maharashtra","['60,000']",110 cc,Single,"38,500"
['Honda '],Honda Activa 6G,2022,"Kompally, Medchal-Malkajgiri, Telangana","['55,000']",110 cc,Single,"14,000"
['Yamaha '],Yamaha YZF R15 V3,2019,"Shimoga, Karnataka","['1,25,000']",200 cc,Single,"36,000"
['Bajaj '],Bajaj Pulsar 250,2021,"Dharwad, Karnataka","['1,00,000']",250 cc,Single,"9,000"
['KTM '],KTM Duke 200,2015,"KR Puram, Bangalore, Karnataka","['1,20,000']",200 cc,Single,"40,000"
['Royal '],Royal Enfield Scram 411,2023,"Mumbai, Maharashtra","['1,80,000']",340,Single,"12,500"
['Harley '],Harley Davidson Heritage Classic,2022,"Barnala, Punjab","['19,00,000']",440 cc,Single,"19,000"
['TVS '],TVS Sport,2014,"Margao, Goa","['20,000']",100 cc,Single,"27,912"
['Honda '],Honda CB Trigger,2014,"Phaltan, Satara, Maharashtra","['35,000']",110 cc,Single,"65,000"
['Yamaha '],Yamaha MT-15 BS6,2022,"Raigarh, Chhattisgarh","['99,999']",200 cc,Single,"11,000"
['Husqvarna '],Husqvarna Svartpilen 250,2020,"Vijayawada, Andhra Pradesh","['1,30,000']",250 cc,Single,"17,000"
['Yezdi '],Yezdi Roadster Dark,2022,"Bulandshahr, Uttar Pradesh","['1,69,999']",340,Single,"5,900"
['Bajaj '],Bajaj Avenger Street 160 BS6,2022,"Jammu, Jammu Kashmir","['1,20,000']",180 cc,Single,"2,000"
['BMW '],BMW G 310 GS,2021,"Dhanbad, Jharkhand","['2,40,000']",310 cc,Single,"10,877"
['Bajaj '],Bajaj Discover DTSi 125,2007,"Kolkata, West Bengal","['15,000']",125 cc,Single,"5,500"
['Mahindra '],Mahindra Duro DZ,2010,"North West Delhi, Delhi",,,Single,"10,000"
['Honda '],Honda CD 110 Dream,2016,"Pataudi, Gurgaon, Haryana","['28,500']",110 cc,Single,"85,000"
['Hero '],Hero Destini 125,2025,"Secunderabad, Hyderabad, Telangana",,105 cc,Single,165
['TVS '],TVS Jupiter,2015,"Gurgaon, Haryana","['20,000']",100 cc,No of,"18,000"
['Hero '],Hero Glamour Xtec,2022,"East Delhi, Delhi","['65,000']",105 cc,Single,"2,450"
['Suzuki '],Suzuki Access 125,2021,"Kundapura, Udupi, Karnataka","['55,000']",110 cc,Single,"38,000"
['Jawa '],Jawa Jawa BS6,2021,"Chinnasalem, Kallakurichi, Tamil Nadu","['1,65,000']",300 cc,No of,"15,000"
['Suzuki '],Suzuki Access 125 BS6,2018,"Pune, Maharashtra","['60,000']",110 cc,Single,"43,500"
['TVS '],TVS Jupiter,2015,"Chennai, Tamil Nadu","['30,000']",100 cc,No of,"30,000"
['Suzuki '],Suzuki V-Strom SX,2022,"Bangalore, Karnataka","['2,00,000']",110 cc,Single,"10,710"
['Yamaha '],Yamaha MT-15 Ver 2.0,2023,"Davangere, Karnataka","['1,50,000']",200 cc,Single,"23,000"
['Hero '],Hero Splendor Plus 2025,2025,"Ahmedabad, Gujarat",,105 cc,Single,"4,100"
['Bajaj '],Bajaj Pulsar 150 DTSi,2013,"Indore, Madhya Pradesh","['40,000']",150 cc,Single,"60,200"
['Bajaj '],Bajaj Pulsar NS 160,2019,"Panvel, Raigad, Maharashtra","['68,000']",160 cc,Single,"40,000"
['Hero '],Hero Super Splendor,2022,"Parel, Mumbai, Maharashtra","['65,000']",105 cc,Single,457
['Yamaha '],Yamaha FZ25,2020,"Bangalore, Karnataka","['1,00,000']",200 cc,Single,"31,000"
['Bajaj '],Bajaj Pulsar NS 160,2018,"Visakhapatnam, Andhra Pradesh","['52,000']",160 cc,Single,"45,354"
['Yamaha '],Yamaha Cygnus Ray ZR,2016,"Nagpur, Maharashtra","['35,000']",200 cc,Single,"61,800"
['Hero '],Hero Super Splendor XTEC,2024,"T. Nagar, Chennai, Tamil Nadu","['95,000']",105 cc,Single,"2,800"
['Yamaha '],Yamaha FZ-S FI V3,2024,"Coimbatore, Tamil Nadu","['1,30,000']",200 cc,Single,"4,800"
['Hero '],Hero Karizma R,2014,"Hyderabad, Telangana","['50,000']",105 cc,Single,"29,000"
['Royal '],Royal Enfield Classic 350,2015,"Zaheerabad, Sangareddy, Telangana","['80,000']",340,Single,"42,000"
['Royal '],Royal Enfield Classic 350 Redditch Red,2018,"Bangalore, Karnataka","['1,45,000']",340,Single,"18,000"
['Bajaj '],Bajaj V15,2016,"Ghaziabad, Uttar Pradesh","['25,000']",155 cc,Single,"42,696"
['Yamaha '],Yamaha MT-15,2023,"Noida, Uttar Pradesh","['1,40,000']",200 cc,Single,"34,000"
['Yamaha '],Yamaha FZS 25,2020,"Dharwad, Karnataka","['90,000']",200 cc,No of,"50,000"
['Royal '],Royal Enfield Bullet 350,2017,"Muzaffarpur, Bihar","['1,25,000']",340,Single,"48,000"
['Bajaj '],Bajaj Pulsar RS 200 BS6,2021,"Mumbai, Maharashtra","['1,00,000']",200 cc,Single,"16,900"
['Royal '],Royal Enfield Thunderbird 350,2016,"Bhadohi, Uttar Pradesh","['90,000']",340,Single,"10,000"
['Yamaha '],Yamaha Fazer,2015,"Bannerghatta Road, Bangalore, Karnataka","['40,000']",200 cc,Single,"38,500"
['Yamaha '],Yamaha FZ-S FI V3,2019,"Hapur, Uttar Pradesh","['65,000']",200 cc,Single,"60,000"
['Suzuki '],Suzuki Avenis 125 Race Edition,2022,"Cuttack, Orissa","['65,000']",110 cc,Single,"56,623"
['Bajaj '],Bajaj Pulsar 200 NS,2017,"BTM Layout, Bangalore, Karnataka","['70,000']",200 cc,Single,"30,000"
['Suzuki '],Suzuki Access 125,2017,"Dwarka, South West Delhi, Delhi","['28,000']",110 cc,Single,"50,000"
['BGauss '],BGauss B8 Lithium Ion,2022,"Navi Mumbai, Maharashtra",,,Single,"2,500"
['Bajaj '],Bajaj Pulsar 220F,2018,"North Delhi, Delhi","['60,000']",220 cc,Single,"72,000"
['Bajaj '],Bajaj Avenger Street 150,2016,"Indore, Madhya Pradesh","['45,000']",150 cc,Single,"31,555"
['Honda '],Honda Livo Disc,2015,"Kanpur Nagar, Uttar Pradesh","['20,000']",110 cc,Single,"52,560"
['Ampere '],Ampere Nexus ST,2025,"Tirupur, Tamil Nadu",,,Single,650
['Honda '],Honda Unicorn 160 BS6,2023,"Visakhapatnam, Andhra Pradesh","['90,000']",110 cc,Single,"21,000"
['Bajaj '],Bajaj Discover 125T,2013,"Pune, Maharashtra","['32,000']",124.60 cc,Single,"71,000"
['Vespa '],Vespa ZX 125 BS6,2023,"Gadchiroli, Maharashtra","['1,00,000']",125 cc,Single,"9,770"
['TVS '],TVS Apache RTR 160 4V,2018,"Bhopal, Madhya Pradesh","['55,000']",100 cc,Single,"29,216"
['TVS '],TVS Apache RTR 160 4V,2018,"Bhopal, Madhya Pradesh","['55,000']",100 cc,Single,"29,300"
['Hero '],Hero CBZ Xtreme,2011,"Bodhan, Nizamabad, Telangana","['30,000']",105 cc,Single,"70,000"
['Bajaj '],Bajaj Avenger Street 160,2019,"Ahmedabad, Gujarat","['36,000']",160 cc,Single,"69,500"
['Bajaj '],Bajaj Pulsar 220F BS6,2025,"Bardhaman, West Bengal",,220 cc,Single,"1,460"
['Bajaj '],Bajaj Pulsar NS400,2024,"Hyderabad, Telangana","['2,00,000']",400 cc,Single,500
['Yezdi '],Yezdi Roadster Dual Tone,2023,"Bhandup, Mumbai, Maharashtra","['1,85,000']",340,Single,"5,000"
['Okaya '],Okaya Faast F2F,2023,"Harhua, Varanasi, Uttar Pradesh",,,Single,"18,000"
['Yamaha '],Yamaha MT-15 Ver 2.0,2023,"Hisar, Haryana","['1,40,000']",200 cc,Single,"26,000"
['KTM '],KTM Duke 390,2013,"Hadapsar, Pune, Maharashtra","['80,000']",390 cc,Single,"40,000"
['Triumph '],Triumph Scrambler 400 X,2024,"Virudhunagar, Tamil Nadu","['2,20,000']",400 cc,No of,"2,780"
['TVS '],TVS Sport,2015,"Jalalpur, Ambedkar Nagar, Uttar Pradesh",,100 cc,Single,"60,000"
['Deltic '],Deltic Legion,2024,"Bardhaman, West Bengal",,,Single,"15,000"
['Royal '],Royal Enfield Himalayan BS VI,2018,"Pune, Maharashtra","['1,55,000']",340,Single,"30,000"
['Bicycle '],Bicycle Hero,2021,"Pune, Maharashtra",,Not Applicable,Single,
['Honda '],Honda Activa 5G,2019,"Dehradun, Utarakhand","['42,000']",110 cc,Single,"40,500"
['Bajaj '],Bajaj Pulsar NS 160,2018,"Hyderabad, Telangana","['72,000']",160 cc,Single,"23,000"
['BMW '],BMW G 310 RR,2023,"BTM Layout, Bangalore, Karnataka","['3,00,000']",310 cc,Single,"4,425"
['Honda '],Honda Shine 125 Drum,2013,"Jodhpur, Rajasthan","['31,000']",110 cc,Single,"45,400"
['Suzuki '],Suzuki Gixxer SF BS6,2025,"Nagpur, Maharashtra",,110 cc,Single,100
['Yamaha '],Yamaha YZF R15 V3,2018,"Goregaon, Mumbai, Maharashtra","['65,000']",200 cc,Single,"38,700"
['TVS '],TVS NTORQ 125 Race XP,2024,"Mumbai, Maharashtra","['81,000']",100 cc,Single,"1,800"
['Bajaj '],Bajaj Avenger 220 DTS-i,2010,"Hyderabad, Telangana","['25,000']",220 cc,Single,"50,000"
['Bajaj '],Bajaj Chetak Premium,2022,"Sarjapur Road, Bangalore, Karnataka","['65,000']",Not Applicable,Single,"50,000"
['Royal '],Royal Enfield Bullet Standard 350,1974,"Ahmedabad, Gujarat","['1,30,000']",340,No of,"13,600"
['Hero '],Hero HF Deluxe BS6,2021,"Vidisha, Madhya Pradesh","['65,000']",105 cc,Single,"7,900"
['Bajaj '],Bajaj CT 110 KS,2019,"Garhmukteshwar, Hapur, Uttar Pradesh","['32,000']",110 cc,Single,"57,184"
['TVS '],TVS iQube Electric,2021,"Aurangabad, Maharashtra","['80,000']",100 cc,Single,"48,000"
['Suzuki '],Suzuki Gixxer BS6,2022,"Hyderabad, Telangana","['1,10,000']",110 cc,Single,"24,500"
['Bajaj '],Bajaj Pulsar 135LS,2022,"Jabalpur, Madhya Pradesh","['30,000']",340,No of,"50,000"
['Suzuki '],Suzuki Gixxer SF Fi,2018,"Marathahalli, Bangalore, Karnataka","['70,000']",110 cc,Single,"26,000"
['Royal '],Royal Enfield Classic 350,2024,"North Lakhimpur, Lakhimpur, Assam","['1,50,000']",340,Single,"16,000"
['Tunwal '],Tunwal Sport 63 48V,2021,"Gopalganj, Bihar",,,Single,"25,000"
['Bajaj '],Bajaj Discover 100T,2013,"Jodhpur, Rajasthan","['30,000']",100 cc,Single,"62,000"
['Royal '],Royal Enfield Classic Signals Stormrider Sand,2021,"Jaipur, Rajasthan","['1,60,000']",340,Single,"14,000"
['Yamaha '],Yamaha FZ,2019,"Mangalore, Karnataka","['68,000']",200 cc,Single,"40,000"
['Yezdi '],Yezdi Scrambler Dual Tone,2023,"Gurgaon, Haryana","['1,90,000']",340,Single,"2,500"
['Royal '],Royal Enfield Bullet Machismo 350 Old,1993,"Mumbai, Maharashtra","['1,30,000']",340,No of,250
['Honda '],Honda Shine 125 Drum OBD2,2019,"Patna, Bihar","['55,000']",110 cc,Single,"4,800"
['Bajaj '],Bajaj Avenger Street 150,2016,"Guntur, Andhra Pradesh","['40,000']",150 cc,Single,"39,000"
['Bajaj '],Bajaj Chetak Electric,2022,"Hyderabad, Telangana","['80,000']",Not Applicable,Single,"25,000"
['Harley '],Harley Davidson Iron 883,2015,"Vasai-Virar, Palghar, Maharashtra","['5,50,000']",440 cc,Single,"20,000"
['Suzuki '],Suzuki Gixxer SF SP,2017,"Hyderabad, Telangana","['45,000']",110 cc,Single,"39,000"
['Vespa '],Vespa ZX 125,2019,"Bellandur, Bangalore, Karnataka","['55,000']",125 cc,Single,"17,000"
['Hero '],Hero Splendor Plus BS6,2020,"Gurgaon, Haryana","['65,000']",105 cc,Single,"40,300"
['Yezdi '],Yezdi Roadster,2022,"Hisar, Haryana","['1,75,000']",340,Single,"9,700"
['Honda '],Honda CB Unicorn,2013,"Ameenpur, Sangareddy, Telangana","['50,000']",110 cc,Single,"50,000"
['Bajaj '],Bajaj Freedom 125 NG04 Disc LED,2024,"Dahisar, Mumbai, Maharashtra","['1,00,000']",125 cc,Single,"5,700"
['Bajaj '],Bajaj Dominar 400,2019,"Bangalore, Karnataka","['1,20,000']",400 cc,No of,"26,000"
['Hero '],Hero Duet 110,2017,"Shahdara, Delhi","['18,000']",105 cc,Single,"55,300"
['Ola '],Ola S1 Pro Gen2,2025,"Jhajjar, Haryana",,Not Applicable,Single,"20,690"
['Triumph '],Triumph Speed 400,2025,"Borivali, Mumbai, Maharashtra",,400 cc,Single,700
['Yezdi '],Yezdi Roadster Dark,2023,"Kolkata, West Bengal","['1,65,000']",340,Single,"4,000"
['Bajaj '],Bajaj Pulsar 150 DTSi,2017,"Agra, Uttar Pradesh","['35,000']",150 cc,Single,"46,000"
['Hero '],Hero Maestro Edge 110 BS6,2021,"Mumbai, Maharashtra","['55,000']",105 cc,Single,"4,270"
['Royal '],Royal Enfield Himalayan BS VI,2020,"Secunderabad, Hyderabad, Telangana","['2,40,000']",340,Single,"10,659"
['Royal '],Royal Enfield Thunderbird 350,2014,"Jhajjar, Haryana","['75,000']",340,Single,"14,676"
['Royal '],Royal Enfield Thunderbird 350,2012,"Ghatkopar, Mumbai, Maharashtra","['55,000']",340,Single,"21,000"
['Honda '],Honda Unicorn Dazzler,2011,"Belpahar, Jharsuguda, Orissa","['25,000']",110 cc,Single,"25,000"
['LML '],LML Vespa,2013,"Ahmedabad, Gujarat","['11,000']",,Single,"30,000"
['Revolt '],Revolt RV 400,2022,"Surat, Gujarat","['85,000']",400 cc,Single,"24,900"
['Deltic '],Deltic ZGS,2023,"Banashankari, Bangalore, Karnataka",,,Single,"7,987"
['Bajaj '],Bajaj Chetak 3502 Tecpac,2025,"Kalyanpur, Kanpur Nagar, Uttar Pradesh",,Not Applicable,Single,"2,700"
['Honda '],Honda Activa 125,2022,"Saket, South Delhi, Delhi","['62,000']",110 cc,Single,"16,500"
['Revolt '],Revolt RV 400,2021,"West Delhi, Delhi","['70,000']",400 cc,Single,"14,800"
['Yamaha '],Yamaha YZF R15 V2,2016,"Gurgaon, Haryana","['50,000']",200 cc,Single,"60,000"
['Honda '],Honda Activa 6G,2021,"Bansgaon, Gorakhpur, Uttar Pradesh","['45,000']",110 cc,Single,"38,772"
['Honda '],Honda Shine 125,2008,"Pimpri-Chinchwad, Maharashtra",,110 cc,Single,"74,000"
['Yezdi '],Yezdi Roadster Dark,,"Muzaffarpur, Bihar",,340,Single,
['Bajaj '],Bajaj Pulsar 125 Split Seat,2025,"Karnal, Haryana",,125 cc,Single,"1,500"
['Royal '],Royal Enfield Thunderbird 350,2013,"Pondicherry, Pondicherry","['60,000']",340,Single,"25,000"
['Yamaha '],Yamaha Fascino 125 Fi Hybrid,2024,"Ahmedabad, Gujarat","['85,000']",200 cc,Single,"3,800"
['Royal '],Royal Enfield Classic 350,2017,"Saket, South Delhi, Delhi","['1,00,000']",340,Single,"23,000"
['Royal '],Royal Enfield Hunter 350 Metro,2023,"Hyderabad, Telangana","['1,80,000']",340,Single,"11,000"
['Yamaha '],Yamaha FZ-S FI V2,2017,"Sattenapalle, Palnadu, Andhra Pradesh","['55,000']",200 cc,Single,"80,000"
['Honda '],Honda CB350 DLX Pro,,"Saidabad, Hyderabad, Telangana",,110 cc,Single,"15,000"
['Bajaj '],Bajaj Pulsar N250,2022,"Bangalore, Karnataka","['1,20,000']",250 cc,Single,"1,600"
['Royal '],Royal Enfield Meteor 350 Fireball,2021,"Greater Noida, Uttar Pradesh","['1,30,000']",340,Single,"27,000"
['Suzuki '],Suzuki Gixxer SF,2023,"Vizianagaram, Andhra Pradesh","['1,20,000']",110 cc,Single,"20,000"
['Yamaha '],Yamaha YZF R15,2016,"Pimpri-Chinchwad, Maharashtra","['60,000']",200 cc,No of,"42,700"
['TVS '],TVS Apache RTR 160 4V,2020,"Mumbai, Maharashtra","['80,000']",100 cc,Single,"4,180"
['Honda '],Honda Hness CB350 DLX Pro,2021,"Chennai, Tamil Nadu","['1,60,000']",110 cc,Single,"17,300"
['Honda '],Honda Activa 6G Dlx,2022,"New Delhi, Delhi","['75,000']",110 cc,Single,"9,150"
['TVS '],TVS Jupiter,2014,"Secunderabad, Hyderabad, Telangana","['30,000']",100 cc,Single,"58,500"
['Kawasaki '],Kawasaki Ninja 650 BS6 2021,2020,"Motihari, EastChamparan, Bihar","['5,50,000']",650 cc,Single,"7,200"
['Bajaj '],Bajaj Dominar 400,2019,"Coimbatore, Tamil Nadu","['1,50,000']",400 cc,Single,"44,000"
['Jawa '],Jawa 42 Dual Channel ABS Sirius White,2021,"Zaidpur, Barabanki, Uttar Pradesh","['1,25,000']",300 cc,Single,"16,000"
['KTM '],KTM Duke 200,2022,"Pune, Maharashtra","['1,60,000']",200 cc,Single,"6,300"
['Revolt '],Revolt RV 400,2025,"Central Delhi, Delhi",,400 cc,Single,"5,000"
['Honda '],Honda Livo Disc,2019,"New Delhi, Delhi","['45,000']",110 cc,Single,"17,800"
['Bajaj '],Bajaj Avenger Street 160,2019,"Whitefield, Bangalore, Karnataka","['65,000']",160 cc,Single,"23,540"
['Royal '],Royal Enfield Continental GT 650 Twin,2025,"Bhubaneshwar, Orissa",,340,Single,"1,500"
['Honda '],Honda Activa 6G Dlx,2022,"Jalna, Maharashtra","['80,000']",110 cc,Single,"24,490"
['Honda '],Honda Activa 125,2016,"Kolkata, West Bengal","['45,000']",110 cc,Single,75
['mXmoto '],mXmoto M16,2024,"Wakad, Pune, Maharashtra",,,Single,"7,500"
['Ola '],Ola S1 Pro Gen2,2024,"Panikoili, Jajpur, Orissa",,Not Applicable,Single,"3,500"
['Honda '],Honda SP 125 BSVI,2021,"Visakhapatnam, Andhra Pradesh","['70,000']",110 cc,Single,"39,178"
['Yamaha '],Yamaha R15M,2024,"Sholinganallur, Chennai, Tamil Nadu","['1,75,000']",200 cc,Single,"5,755"
['Royal '],Royal Enfield Classic Stealth Black,2024,"Ludhiana, Punjab","['2,00,000']",340,Single,"3,500"
['TVS '],TVS NTORQ 125 Race Edition,2022,"Noida, Uttar Pradesh","['65,000']",100 cc,Single,"3,950"
['Bajaj '],Bajaj Avenger Street 160,2021,"Mainpuri, Uttar Pradesh","['87,000']",160 cc,Single,"47,000"
['Royal '],Royal Enfield Hunter 350 Metro,2022,"Meerut, Uttar Pradesh","['1,50,000']",340,Single,"12,836"
['Bajaj '],Bajaj 2021 Dominar 400,2021,"Chavara, Kollam, Kerala","['1,55,000']",400 cc,Single,"43,000"
['Suzuki '],Suzuki Gixxer SF,2025,"Meerut, Uttar Pradesh",,110 cc,Single,"12,000"
['Ola '],Ola S1 Pro Gen2,2023,"Kalyan, Thane, Maharashtra","['1,00,000']",Not Applicable,Single,"10,000"
['Royal '],Royal Enfield Classic Stealth Black,2022,"Saket, South Delhi, Delhi","['2,00,000']",340,Single,"13,000"
['Bajaj '],Bajaj V12,2018,"Pune, Maharashtra","['50,000']",,Single,"44,000"
['Bajaj '],Bajaj Pulsar N160 Dual Channel ABS,2022,"Tilpat, Faridabad, Haryana","['1,25,000']",160 cc,Single,"34,740"
['KTM '],KTM Duke 250 2024,2023,"Chennai, Tamil Nadu","['1,48,000']",250 cc,Single,"40,800"
['Yamaha '],Yamaha MT-15 Ver 2.0,2023,"Howrah, West Bengal","['1,30,000']",200 cc,No of,"11,900"
['Vespa '],Vespa VX 125,2015,"Bangalore, Karnataka","['40,000']",125 cc,No of,"40,140"
['Royal '],Royal Enfield Classic 350 2024,,"Ahmedabad, Gujarat",,340,Single,"21,000"
['Bajaj '],Bajaj Pulsar 150 DTSi,2017,"New Delhi, Delhi","['40,000']",150 cc,Single,"60,000"
['Hero '],Hero Splendor Plus IBS i3s,2020,"New Delhi, Delhi","['58,000']",105 cc,Single,"67,000"
['Bajaj '],Bajaj Avenger Cruise 220,2019,"Medchal-Malkajgiri, Telangana","['65,000']",220 cc,Single,"59,000"
['TVS '],TVS XL 100 Heavy Duty i-TOUCHstart,2021,"Ibrahimpatnam, Vijayawada, Andhra Pradesh","['43,000']",100 cc,Single,"9,496"
['Benelli '],Benelli Imperiale 400,2019,"Rohini, North West Delhi, Delhi","['1,00,000']",400 cc,Single,"13,500"
['Hero '],Hero Glamour 125 Disc,2015,"North West Delhi, Delhi","['35,000']",105 cc,Single,"85,000"
['Hero '],Hero Maestro,2014,"Mhow, Indore, Madhya Pradesh","['41,000']",105 cc,Single,"36,245"
['Ather '],Ather Rizta Z,2024,"Hoskote, Bangalore, Karnataka","['1,45,000']",Not Applicable,Single,"2,100"
['Ola '],Ola S1 Pro,2022,"Surat, Gujarat","['70,000']",Not Applicable,Single,"24,700"
['Royal '],Royal Enfield Continental GT 650 Twin,2019,"Rajajinagar, Bangalore, Karnataka","['3,05,000']",340,Single,"29,000"
['Bajaj '],Bajaj Pulsar 220F,,"Bally, Howrah, West Bengal",,220 cc,Single,"40,000"
['Bajaj '],Bajaj Avenger Street 150,2016,"Mumbai, Maharashtra","['34,000']",150 cc,Single,"38,000"
['KTM '],KTM Duke 250,2017,"Jaipur, Rajasthan","['1,10,000']",250 cc,Single,"30,800"
['Honda '],Honda Activa 125,2016,"Manesar, Gurgaon, Haryana","['35,000']",110 cc,Single,"37,545"
['Bajaj '],Bajaj Pulsar AS 200,2016,"New Delhi, Delhi","['45,000']",200 cc,Single,"10,500"
['Bajaj '],Bajaj Pulsar 220F,2018,"Kundli, Sonipat, Haryana","['63,000']",220 cc,Single,"35,000"
['Hero '],Hero Maestro Edge,2016,"Vadodara, Gujarat","['25,000']",105 cc,No of,"61,500"
['Bajaj '],Bajaj Chetak 3502 Standard,2025,"Pimpri-Chinchwad, Pune, Maharashtra",,Not Applicable,Single,"10,000"
['Honda '],Honda Activa,2013,"Indore, Madhya Pradesh","['25,000']",110 cc,No of,"23,500"
['Bajaj '],Bajaj V15,2016,"Darbhanga, Bihar","['25,000']",155 cc,Single,"30,000"
['Bajaj '],Bajaj Pulsar 200 NS,2017,"Pune, Maharashtra","['60,000']",200 cc,Single,"33,600"
['Hero '],Hero Glamour 125,2008,"Bangalore, Karnataka","['25,000']",105 cc,Single,"56,700"
['Bajaj '],Bajaj Pulsar 150 DTSi,2022,"Kovalam, Trivandrum, Kerala","['88,000']",150 cc,Single,"34,000"
['Hero '],Hero Destini 125,2025,"Bhandup, Mumbai, Maharashtra",,105 cc,Single,20
['Royal '],Royal Enfield Meteor 350 Supernova,2022,"Hyderabad, Telangana","['2,00,000']",340,Single,909
['Harley '],Harley Davidson Iron 883,2021,"Navi Mumbai, Maharashtra","['9,00,000']",440 cc,Single,"11,000"
['Bajaj '],Bajaj Discover 125 ST,2013,"Bareilly, Uttar Pradesh","['25,000']",125 cc,Single,"41,000"
['Bicycle '],Bicycle Montra,2020,"KR Puram, Bangalore, Karnataka",,Not Applicable,Single,100
['Bajaj '],Bajaj Pulsar 150,2016,"Anna Nagar, Chennai, Tamil Nadu","['34,000']",150 cc,Single,"90,000"
['Royal '],Royal Enfield Meteor 350 Stellar,2022,"Hyderabad, Telangana","['1,60,000']",340,No of,"24,800"
['TVS '],TVS Apache RTR 160 4V,2020,"Dehradun, Utarakhand","['95,000']",100 cc,Single,"27,000"
['TVS '],TVS NTORQ Super Squad Edition,2023,"Srinagar, Jammu Kashmir","['85,000']",100 cc,Single,"17,000"
['Royal '],Royal Enfield Classic 350,2013,"North Delhi, Delhi","['72,000']",340,Single,"37,000"
['Suzuki '],Suzuki Gixxer 150,2015,"Akola, Maharashtra","['50,000']",110 cc,Single,"39,000"
['Honda '],Honda CB Unicorn,2020,"Mulund, Mumbai, Maharashtra","['75,000']",110 cc,Single,"23,000"
['Royal '],Royal Enfield Himalayan Sleet,2018,"Greater Noida, Uttar Pradesh","['1,15,000']",340,Single,"45,000"
['TVS '],TVS Apache RTR 160 4V,2019,"Bharthana, Etawah, Uttar Pradesh","['65,000']",100 cc,Single,"40,000"
['Yamaha '],Yamaha FZ16,2016,"Manesar, Gurgaon, Haryana","['35,000']",200 cc,Single,"23,000"
['Triumph '],Triumph Speed T4,2025,"Tiruchirappalli, Tamil Nadu",,,Single,700
['Hero '],Hero Splendor iSmart 110,2016,"Mirzapur, Uttar Pradesh","['35,000']",105 cc,Single,"1,50,000 "
['Honda '],Honda Activa i,2017,"Ambattur, Chennai, Tamil Nadu","['36,000']",110 cc,Single,"9,500"
['Honda '],Honda Unicorn,2020,"Dum Dum, North 24 Parganas, West Bengal","['53,000']",110 cc,Single,"28,000"
['Honda '],Honda CBR 150R,2015,"Velachery, Chennai, Tamil Nadu","['45,000']",110 cc,Single,"36,000"
['Hero '],Hero CD 100,1999,"Vadodara, Gujarat","['10,000']",105 cc,Single,"40,000"
['Jawa '],Jawa forty two,2022,"New Delhi, Delhi","['1,10,000']",300 cc,Single,"10,250"
['Jawa '],Jawa 42 Dual Channel ABS AllStar Black,2021,"Pune, Maharashtra","['1,65,000']",300 cc,Single,"6,700"
['Suzuki '],Suzuki Gixxer 150,2016,"Kozhikode, Kerala",,110 cc,No of,"1,01,800 "
['Honda '],Honda CB Hornet 160R,2016,"Pune, Maharashtra","['60,000']",110 cc,Single,"12,000"
